[["㝡", "tối", "", "", [], {"Strokes": "11", "Radical": "miên 宀 (+8 nét)", "PenStrokes": "丶丶フ一丨丨一一一フ丶", "Shape": "⿱宀取", "Unicode": "U+3761"}], ["㝢", "vũ", "", "", [], {"Strokes": "12", "Radical": "miên 宀 (+9 nét)", "PenStrokes": "丶丶フノ丨フ一丨フ丨一丶", "Shape": "⿱宀禹", "Unicode": "U+3762"}], ["㝫", "", "", "", [], {"Strokes": "14", "Radical": "miên 宀 (+11 nét)", "PenStrokes": "丶丶フフ丨ノフ丶一ノ一一丨一", "Shape": "⿱宀隆", "Unicode": "U+376B"}], ["㝵", "đắc ngại", "", "", [], {"Strokes": "8", "Radical": "thốn 寸 (+5 nét)", "PenStrokes": "丨フ一一一一丨丶", "Shape": "⿱旦寸", "Unicode": "U+3775"}], ["㟁", "ngạn", "", "", [], {"Strokes": "8", "Radical": "sơn 山 (+5 nét)", "PenStrokes": "丨フ丨一ノ一一丨", "Shape": "⿰山厈", "Unicode": "U+37C1"}], ["㟢", "yêm", "", "", [], {"Strokes": "11", "Radical": "sơn 山 (+8 nét)", "PenStrokes": "丨フ丨一ノ丶一丨フ一丨", "Shape": "⿱山奇", "Unicode": "U+37E2"}], ["㟨", "", "", "", [], {"Strokes": "12", "Radical": "sơn 山 (+9 nét)", "PenStrokes": "丨フ丨丨フ丨一ノ丨フ丨丨", "Shape": "⿰山耑", "Unicode": "U+37E8"}], ["㟴", "uỷ", "", "", [], {"Strokes": "12", "Radical": "sơn 山 (+9 nét)", "PenStrokes": "丨フ丨ノ丨フ一一ノフフ丶", "Shape": "⿰山鬼", "Unicode": "U+37F4"}], ["㟽", "", "", "", [], {"Strokes": "14", "Radical": "sơn 山 (+11 nét)", "PenStrokes": "丨フ丨一丨フ丨丨一一一丨ノ丶", "Shape": "⿰山票", "Unicode": "U+37FD"}], ["㠀", "đảo", "", "", [], {"Strokes": "14", "Radical": "sơn 山 (+11 nét)", "PenStrokes": "ノ丨フ一一一フ丶丶丶丨フ丨", "Shape": "⿱鳥山", "Unicode": "U+3800"}], ["㠶", "phàm phâm", "", "", [], {"Strokes": "6", "Radical": "cân 巾 (+3 nét)", "PenStrokes": "丨フ丨ノノフ", "Shape": "⿰巾凢", "Unicode": "U+3836"}], ["㡀", "tệ", "", "", [], {"Strokes": "9", "Radical": "cân 巾 (+6 nét)", "PenStrokes": "丶ノ丨フ丨ノ丶", "Unicode": "U+3840"}], ["㡜", "", "", "", [], {"Strokes": "14", "Radical": "cân 巾 (+11 nét)", "PenStrokes": "丨フ丨ノフ丶丶フ丶一一丨ノ丶", "Shape": "⿰巾祭", "Unicode": "U+385C"}], ["㡡", "trù", "", "", [], {"Strokes": "15", "Radical": "cân 巾 (+12 nét)", "PenStrokes": "丨フ丨一ノ一丨フ一丶ノ一一丨丶", "Shape": "⿰巾厨", "Unicode": "U+3861"}], ["㣺", "tâm", "", "", [], {"Strokes": "4", "Radical": "tâm 心 (+0 nét)", "PenStrokes": "丶丶丨丶", "Shape": "⿰⺖丶", "Unicode": "U+38FA"}], ["㤚", "", "", "", [], {"Strokes": "9", "Radical": "tâm 心 (+6 nét)", "PenStrokes": "丶丶丨ノノ丨一一丨", "Shape": "⿰忄行", "Unicode": "U+391A"}], ["㥯", "ẩn", "", "", ["[ẩn] cẩn thận, thận trọng", "[ẩn] thương hại, thương xót, quan tâm, lo lắng"], {"Strokes": "14", "Radical": "tâm 心 (+10 nét)", "PenStrokes": "ノ丶丶ノ一丨一フ一一丶フ丶丶", "Unicode": "U+396F"}], ["㩮", "", "", "", [], {"Strokes": "20", "Radical": "thủ 手 (+17 nét)", "PenStrokes": "一丨一ノ丨一一一フ丨フ一一一ノ丶ノ一一丨", "Shape": "⿰⺘擧", "Unicode": "U+3A6E"}], ["㩳", "", "", "", [], {"Strokes": "21", "Radical": "thủ 手 (+18 nét)", "PenStrokes": "一丨一ノ丨丶一一一丨一ノ丨丶一一一丨一フ丶", "Shape": "⿰⺘雙", "Unicode": "U+3A73"}], ["㫗", "hậu", "", "", [], {"Strokes": "7", "Radical": "nhật 日 (+3 nét)", "PenStrokes": "丨フ一一フ丨一", "Shape": "⿱曰子", "Unicode": "U+3AD7"}], ["㫪", "thung xuân", "", "", [], {"Strokes": "10", "Radical": "nhật 日 (+6 nét)", "PenStrokes": "一一一ノ丶丨丨フ一一", "Shape": "⿱𡗗旧", "Unicode": "U+3AEA"}], ["㬎", "hiển", "", "", [], {"Strokes": "14", "Radical": "nhật 日 (+10 nét)", "PenStrokes": "丨フ一一フフ丶フフ丶丶丶丶丶", "Shape": "⿱日𢇁", "Unicode": "U+3B0E"}], ["㬚", "", "", "", [], {"Strokes": "16", "Radical": "nhật 日 (+12 nét)", "PenStrokes": "丨フ一一丶一フ丶丨フ一一ノ一ノ丶", "Shape": "⿰日⿱育攵", "Unicode": "U+3B1A"}], ["㬜", "tấn", "", "", [], {"Strokes": "16", "Radical": "nhật 日 (+12 nét)", "PenStrokes": "一フ丶一丨一一フ丶一丨一丨フ一一", "Shape": "⿱臸日", "Unicode": "U+3B1C"}], ["㬢", "hi hy", "", "", [], {"Strokes": "17", "Radical": "nhật 日 (+13 nét)", "PenStrokes": "丨フ一一丶ノ一一丨一ノ一丨一フノ丶", "Shape": "⿰日義", "Unicode": "U+3B22"}], ["㭭", "bát", "", "", [], {"Strokes": "11", "Radical": "mộc 木 (+7 nét)", "PenStrokes": "一丨ノ丶丨フ一フノ丨丨", "Shape": "⿰木別", "Unicode": "U+3B6D"}], ["㮇", "quát thiệm thiến", "", "", [], {"Strokes": "12", "Radical": "mộc 木 (+8 nét)", "PenStrokes": "一丨ノ丶一一ノ丶丨丶丶丶", "Shape": "⿰木忝", "Unicode": "U+3B87"}], ["㮈", "nại", "", "", [], {"Strokes": "12", "Radical": "mộc 木 (+8 nét)", "PenStrokes": "一丨ノ丶一ノ丶一一丨ノ丶", "Shape": "⿰木奈", "Unicode": "U+3B88"}], ["㮍", "tiên", "", "", [], {"Strokes": "13", "Radical": "mộc 木 (+9 nét)", "PenStrokes": "丶ノ一丨フ一一丨丨一丨ノ丶", "Shape": "⿱前木", "Unicode": "U+3B8D"}], ["㮤", "tông tùng", "", "", [], {"Strokes": "14", "Radical": "mộc 木 (+10 nét)", "PenStrokes": "丶丶フノ丶ノ丶丨フ一一丨ノ丶", "Shape": "⿱容木", "Unicode": "U+3BA4"}], ["㮶", "sáo sóc", "", "", [], {"Strokes": "14", "Radical": "mộc 木 (+10 nét)", "PenStrokes": "一丨ノ丶丶ノ一フ丨ノノフ一一", "Shape": "⿰木朔", "Unicode": "U+3BB6"}], ["㯃", "tất thế", "", "", [], {"Strokes": "15", "Radical": "mộc 木 (+11 nét)", "PenStrokes": "一丨ノ丶一丨ノ丶ノ丶丨丶一ノ丶", "Shape": "⿰木桼", "Unicode": "U+3BC3"}], ["㯍", "tương", "", "", [], {"Strokes": "15", "Radical": "mộc 木 (+11 nét)", "PenStrokes": "一丨ノ丶フ丨一ノノフ丶丶一丨丶", "Shape": "⿰木將", "Unicode": "U+3BCD"}], ["㯰", "thực trĩ", "", "", [], {"Strokes": "17", "Radical": "mộc 木 (+13 nét)", "PenStrokes": "一丨ノ丶丨フ丨丨一一丨丨フ一一一一", "Shape": "⿰木置", "Unicode": "U+3BF0"}], ["㰏", "cao", "", "", [], {"Strokes": "20", "Radical": "mộc 木 (+16 nét)", "PenStrokes": "一丨ノ丶ノ一丶ノ一丶丶一丨フ一丨フ丨フ一", "Shape": "⿰木篙", "Unicode": "U+3C0F"}], ["㰦", "", "", "", [], {"Strokes": "9", "Radical": "khiếm 欠 (+5 nét)", "PenStrokes": "一丨一フ丶ノフノ丶", "Shape": "⿰去欠", "Unicode": "U+3C26"}], ["㳃", "thối tuỵ", "", "", [], {"Strokes": "7", "Radical": "thuỷ 水 (+4 nét)", "PenStrokes": "丶丶一ノフ一丨", "Shape": "⿰⺡卆", "Unicode": "U+3CC3"}], ["㳒", "pháp", "", "", [], {"Strokes": "8", "Radical": "thuỷ 水 (+5 nét)", "PenStrokes": "丶丶一一ノ丶フ丶", "Shape": "⿰⺡厺", "Unicode": "U+3CD2"}], ["㴑", "tố", "", "", [], {"Strokes": "12", "Radical": "thuỷ 水 (+9 nét)", "PenStrokes": "丶丶一丶一ノ丶ノ一フノ", "Shape": "⿰⺡㡿", "Unicode": "U+3D11"}], ["㴞", "đào thao", "", "", [], {"Strokes": "12", "Radical": "thuỷ 水 (+9 nét)", "PenStrokes": "丶丶一ノ丶丶ノ丨丨フ一一", "Shape": "⿰⺡⿱爫旧", "Unicode": "U+3D1E"}], ["㵤", "", "", "", [], {"Strokes": "16", "Radical": "thuỷ 水 (+13 nét)", "PenStrokes": "丶丶一フ丶一フ丶一一ノ丶ノ丶ノ丶", "Shape": "⿰⺡翜", "Unicode": "U+3D64"}], ["㶚", "bá", "", "", [], {"Strokes": "22", "Radical": "thuỷ 水 (+19 nét)", "PenStrokes": "丶丶一一丨フ丨丨一一丨丨一丨フ一一丨ノフ一一", "Shape": "⿰⺡覇", "Unicode": "U+3D9A"}], ["㷀", "quỳnh", "", "", [], {"Strokes": "11", "Radical": "hoả 火 (+7 nét)", "PenStrokes": "丶ノノ丶丶ノノ丶フ一丨", "Shape": "⿱⿰火火卂", "Unicode": "U+3DC0"}], ["㷔", "diễm", "", "", [], {"Strokes": "13", "Radical": "hoả 火 (+9 nét)", "PenStrokes": "丶ノノ丶ノ丶丶ノ丨丨フ一一", "Shape": "⿰火⿱爫旧", "Unicode": "U+3DD4"}], ["㸅", "", "", "", [], {"Strokes": "17", "Radical": "hoả 火 (+13 nét)", "PenStrokes": "丶ノノ丶ノ一丶ノ一丶フ一一フ丶フ丨", "Shape": "⿰火節", "Unicode": "U+3E05"}], ["㸿", "độc", "", "", [], {"Strokes": "11", "Radical": "ngưu 牛 (+7 nét)", "PenStrokes": "ノ一丨一一丨一丶フノフ", "Shape": "⿰牜壳", "Unicode": "U+3E3F"}], ["㹠", "đồn", "", "", [], {"Strokes": "7", "Radical": "khuyển 犬 (+4 nét)", "PenStrokes": "ノフノ一フ丨フ", "Shape": "⿰⺨屯", "Unicode": "U+3E60"}], ["㹦", "điêu", "", "", [], {"Strokes": "8", "Radical": "khuyển 犬 (+5 nét)", "PenStrokes": "ノフノフノ丨フ一", "Shape": "⿰⺨召", "Unicode": "U+3E66"}], ["㹨", "dứu", "", "", [], {"Strokes": "8", "Radical": "khuyển 犬 (+5 nét)", "PenStrokes": "ノフノ丨フ一丨一", "Shape": "⿰⺨由", "Unicode": "U+3E68"}], ["㺃", "cẩu", "", "", [], {"Strokes": "11", "Radical": "khuyển 犬 (+8 nét)", "PenStrokes": "ノフノ一丨丨ノフ丨フ一", "Shape": "⿰⺨苟", "Unicode": "U+3E83"}], ["㺔", "", "", "", [], {"Strokes": "15", "Radical": "khuyển 犬 (+12 nét)", "PenStrokes": "ノフノノ丶丶ノノフフフ丶丶丶丶", "Shape": "⿰⺨爲", "Unicode": "U+3E94"}], ["㽲", "", "", "", [], {"Strokes": "7", "Radical": "nạch 疒 (+2 nét)", "PenStrokes": "丶一ノ丶一一フ", "Shape": "⿸疒丂", "Unicode": "U+3F72"}], ["㽵", "bành trang", "", "", [], {"Strokes": "8", "Radical": "nạch 疒 (+3 nét)", "PenStrokes": "丶一ノ丶一一丨一", "Shape": "⿸疒土", "Unicode": "U+3F75"}], ["㽷", "", "", "", [], {"Strokes": "9", "Radical": "nạch 疒 (+4 nét)", "PenStrokes": "丶一ノ丶一丨フノ丶", "Shape": "⿸疒水", "Unicode": "U+3F77"}], ["㾮", "", "", "", [], {"Strokes": "14", "Radical": "nạch 疒 (+9 nét)", "PenStrokes": "丶一ノ丶一ノ丨フ一一一一丨一", "Shape": "⿸疒皇", "Unicode": "U+3FAE"}], ["㿉", "", "", "", [], {"Strokes": "17", "Radical": "nạch 疒 (+12 nét)", "PenStrokes": "丶一ノ丶一丨フ一丨一丨フ一一一ノ丶", "Shape": "⿸疒貴", "Unicode": "U+3FC9"}], ["㿗", "", "", "", [], {"Strokes": "21", "Radical": "nạch 疒 (+16 nét)", "PenStrokes": "丶一ノ丶一ノ一丨ノ丶ノフ一ノ丨フ一一一ノ丶", "Shape": "⿸疒頹", "Unicode": "U+3FD7"}], ["䀹", "tiếp", "", "", [], {"Strokes": "12", "Radical": "mục 目 (+7 nét)", "PenStrokes": "丨フ一一一一ノ丶ノ丶ノ丶", "Shape": "⿰目夾", "Unicode": "U+4039"}], ["䁘", "", "", "", [], {"Strokes": "15", "Radical": "mục 目 (+10 nét)", "PenStrokes": "丨フ一一一ノ丶丶ノノ一一丨フ丨", "Shape": "⿰目䍃", "Unicode": "U+4058"}], ["䂓", "quy", "", "", [], {"Strokes": "12", "Radical": "thỉ 矢 (+7 nét)", "PenStrokes": "ノ一一ノ丶丨フ一一一ノフ", "Shape": "⿰矢見", "Unicode": "U+4093"}], ["䄅", "dạng dưỡng", "", "", [], {"Strokes": "11", "Radical": "kỳ 示 (+6 nét)", "PenStrokes": "丶ノ一一ノ丶一一丨ノ丶", "Shape": "⿱龹示", "Unicode": "U+4105"}], ["䅏", "", "", "", [], {"Strokes": "12", "Radical": "hoà 禾 (+7 nét)", "PenStrokes": "ノ一丨ノ丶フ一ノノ一一フ", "Shape": "⿰禾尾", "Unicode": "U+414F"}], ["䅣", "", "", "", [], {"Strokes": "14", "Radical": "hoà 禾 (+9 nét)", "PenStrokes": "ノ一丨ノ丶ノ丨フ一一一一丨一", "Shape": "⿰禾皇", "Unicode": "U+4163"}], ["䆴", "táo", "", "", [], {"Strokes": "16", "Radical": "huyệt 穴 (+11 nét)", "PenStrokes": "丶丶フノ丶ノフ丨フ一一丨フ一一フ", "Shape": "⿰穴亀", "Unicode": "U+41B4"}], ["䆿", "", "", "", [], {"Strokes": "19", "Radical": "huyệt 穴 (+14 nét)", "PenStrokes": "丶丶フノ丶フ丨一ノノ丨フ一一一一丨ノ丶", "Shape": "⿱穴⿰爿臬", "Unicode": "U+41BF"}], ["䇦", "", "", "", [], {"Strokes": "11", "Radical": "trúc 竹 (+5 nét)", "PenStrokes": "ノ一丶ノ一丶丨フ一ノ丶", "Shape": "⿱⺮央", "Unicode": "U+41E6"}], ["䇮", "", "", "", [], {"Strokes": "12", "Radical": "trúc 竹 (+6 nét)", "PenStrokes": "ノ一丶ノ一丶ノ丨ノ一丨一", "Shape": "⿱⺮任", "Unicode": "U+41EE"}], ["䇳", "tiên", "", "", [], {"Strokes": "12", "Radical": "trúc 竹 (+6 nét)", "PenStrokes": "ノ一丶ノ一丶一一一フノ丶", "Shape": "⿱⺮㦮", "Unicode": "U+41F3"}], ["䈇", "trạo", "", "", [], {"Strokes": "14", "Radical": "trúc 竹 (+8 nét)", "PenStrokes": "ノ一丶ノ一丶丨一丨フ一一一丨", "Shape": "⿱⺮卓", "Unicode": "U+4207"}], ["䈎", "diệp hiệt", "", "", [], {"Strokes": "15", "Radical": "trúc 竹 (+9 nét)", "PenStrokes": "ノ一丶ノ一丶一丨丨一フ一丨ノ丶", "Shape": "⿱⺮枼", "Unicode": "U+420E"}], ["䉤", "sổ tẩu", "", "", [], {"Strokes": "19", "Radical": "trúc 竹 (+13 nét)", "PenStrokes": "ノ一丶ノ一丶丶ノ一丨ノ丶フノ一ノ一ノ丶", "Shape": "⿰⺮数", "Unicode": "U+4264"}], ["䋖", "", "", "", [], {"Strokes": "12", "Radical": "mịch 糸 (+6 nét)", "PenStrokes": "フフ丶丶丶丶フ一一一一丨", "Shape": "⿰糹聿", "Unicode": "U+42D6"}], ["䋝", "anh", "", "", [], {"Strokes": "12", "Radical": "mịch 糸 (+6 nét)", "PenStrokes": "フフ丶丶丶丶丶丶ノフノ一", "Shape": "⿰糹⿱⺍女", "Unicode": "U+42DD"}], ["䌂", "ác ốc", "", "", [], {"Strokes": "15", "Radical": "mịch 糸 (+9 nét)", "PenStrokes": "フフ丶丶丶丶フ一ノ一フ丶一丨一", "Shape": "⿰糹屋", "Unicode": "U+4302"}], ["䌫", "lãm", "", "", [], {"Strokes": "22", "Radical": "mịch 糸 (+16 nét)", "PenStrokes": "フフ丶丶丶丶一丨フ一丨フノ一丶丨フ一一一ノフ", "Shape": "⿰糹覧", "Unicode": "U+432B"}], ["䍃", "", "", "", [], {"Strokes": "10", "Radical": "phũ 缶 (+4 nét)", "PenStrokes": "ノ丶丶ノノ一一丨フ丨", "Shape": "⿱⺤缶", "Unicode": "U+4343"}], ["䏮", "", "", "", [], {"Strokes": "10", "Radical": "nhục 肉 (+6 nét)", "PenStrokes": "ノフ一一フノ丶一ノ丶", "Unicode": "U+43EE"}], ["䏰", "", "", "", [], {"Strokes": "11", "Radical": "nhục 肉 (+7 nét)", "PenStrokes": "ノフ一一フノ丶丶フ丶丶", "Shape": "⿰月忍", "Unicode": "U+43F0"}], ["䐈", "sự thực", "", "", [], {"Strokes": "12", "Radical": "nhục 肉 (+8 nét)", "PenStrokes": "ノフ一一一丨丨フ一一一一", "Shape": "⿰月直", "Unicode": "U+4408"}], ["䐗", "đỗ trư", "", "", [], {"Strokes": "12", "Radical": "nhục 肉 (+8 nét)", "PenStrokes": "ノフ一一一丨一ノ丨フ一一", "Shape": "⿰月者", "Unicode": "U+4417"}], ["䐜", "", "", "", [], {"Strokes": "14", "Radical": "nhục 肉 (+10 nét)", "PenStrokes": "ノフ一一一丨丨フ一一一一ノ丶", "Shape": "⿰月真", "Unicode": "U+441C"}], ["䐢", "", "", "", [], {"Strokes": "14", "Radical": "nhục 肉 (+10 nét)", "PenStrokes": "ノフ一一ノフフ丨ノノフフ丨ノ", "Shape": "⿰月芻", "Unicode": "U+4422"}], ["䑓", "đài thai", "", "", [], {"Strokes": "13", "Radical": "chí 至 (+7 nét)", "PenStrokes": "一丨丨一一丶フ一フ丶一丨一", "Unicode": "U+4453"}], ["䑛", "để thỉ", "", "", [], {"Strokes": "11", "Radical": "thiệt 舌 (+5 nét)", "PenStrokes": "ノ一丨丨フ一ノフ一フ丶", "Shape": "⿰舌氐", "Unicode": "U+445B"}], ["䑶", "", "", "", [], {"Strokes": "14", "Radical": "chu 舟 (+8 nét)", "PenStrokes": "ノノフ丶一丶一一丨一丨フ一一", "Shape": "⿰舟青", "Unicode": "U+4476"}], ["䑺", "phàm phâm", "", "", [], {"Strokes": "15", "Radical": "chu 舟 (+9 nét)", "PenStrokes": "ノノフ丶一丶ノフノ丨フ一丨一丶", "Shape": "⿰舟風", "Unicode": "U+447A"}], ["䒑", "", "", "", [], {"Strokes": "3", "Radical": "thảo 艸 (+0 nét)", "PenStrokes": "丶ノ一", "Unicode": "U+4491"}], ["䒳", "đoá", "", "", [], {"Strokes": "9", "Radical": "thảo 艸 (+6 nét)", "PenStrokes": "一丨丨ノフ一丨ノ丶", "Shape": "⿱艹朵", "Unicode": "U+44B3"}], ["䔈", "", "", "", [], {"Strokes": "13", "Radical": "thảo 艸 (+10 nét)", "PenStrokes": "一丨丨一丨一丨フ一一一ノ丶", "Shape": "⿱艹貢", "Unicode": "U+4508"}], ["䔥", "tiêu", "", "", [], {"Strokes": "14", "Radical": "thảo 艸 (+11 nét)", "PenStrokes": "一丨丨フ一一丶ノ一丨ノ丶ノ丨", "Shape": "⿱艹粛", "Unicode": "U+4525"}], ["䕃", "âm", "", "", [], {"Strokes": "15", "Radical": "thảo 艸 (+12 nét)", "PenStrokes": "一丨丨フ丨ノ丶一丨一一一フ丶", "Shape": "⿱艹隂", "Unicode": "U+4543"}], ["䖝", "huỷ trùng", "", "", [], {"Strokes": "7", "Radical": "trùng 虫 (+1 nét)", "PenStrokes": "ノ丨フ一丨一丶", "Shape": "⿱丿虫", "Unicode": "U+459D"}], ["䖸", "nga nghĩ", "", "", [], {"Strokes": "13", "Radical": "trùng 虫 (+7 nét)", "PenStrokes": "ノ一丨一フノ丶丨フ一丨一丶", "Shape": "⿱我虫", "Unicode": "U+45B8"}], ["䗥", "", "", "", [], {"Strokes": "17", "Radical": "trùng 虫 (+11 nét)", "PenStrokes": "丨フ一丨一丶ノノ丨ノ丶ノ丶丨一ノ丶", "Shape": "⿰虫從", "Unicode": "U+45E5"}], ["䗪", "", "", "", [], {"Strokes": "17", "Radical": "trùng 虫 (+11 nét)", "PenStrokes": "丶一ノ一丨丨一丶丶丶丶丨フ一丨一丶", "Shape": "⿸庶虫", "Unicode": "U+45EA"}], ["䘏", "tuất", "", "", [], {"Strokes": "8", "Radical": "huyết 血 (+2 nét)", "PenStrokes": "ノ丨フ丨丨一フ丨", "Shape": "⿰血阝", "Unicode": "U+460F"}], ["䙁", "", "", "", [], {"Strokes": "13", "Radical": "y 衣 (+8 nét)", "PenStrokes": "丶フ丨ノ丶一フノ丶一フノ丶", "Shape": "⿰⻂戔", "Unicode": "U+4641"}], ["䙥", "", "", "", [], {"Strokes": "18", "Radical": "y 衣 (+13 nét)", "PenStrokes": "丶フ丨ノ丶一丶フ丨丶丶丶丶ノ丶丶フ丶", "Shape": "⿰⻂零", "Unicode": "U+4665"}], ["䚡", "", "", "", [], {"Strokes": "16", "Radical": "giác 角 (+9 nét)", "PenStrokes": "ノフノフ一一丨丨フ一丨一丶フ丶丶", "Shape": "⿰角思", "Unicode": "U+46A1"}], ["䚯", "khiếu thảo", "", "", [], {"Strokes": "9", "Radical": "ngôn 言 (+2 nét)", "PenStrokes": "丶一一一丨フ一丨丨", "Shape": "⿰言刂", "Unicode": "U+46AF"}], ["䜌", "", "", "", [], {"Strokes": "19", "Radical": "ngôn 言 (+12 nét)", "PenStrokes": "丶一一一丨フ一フフ丶丶丶丶フフ丶丶丶丶", "Shape": "⿲糹言糹", "Unicode": "U+470C"}], ["䝤", "lão liêu", "", "", [], {"Strokes": "19", "Radical": "trĩ 豸 (+12 nét)", "PenStrokes": "ノ丶丶ノフノノ一ノ丶丶ノ丨フ一一丨ノ丶", "Shape": "⿰豸尞", "Unicode": "U+4764"}], ["䟽", "sơ", "", "", [], {"Strokes": "14", "Radical": "túc 足 (+7 nét)", "PenStrokes": "丨フ一丨一丨一丶一フ丶ノ丨フ", "Shape": "⿰⻊㐬", "Unicode": "U+47FD"}], ["䡎", "lô lư", "", "", [], {"Strokes": "11", "Radical": "xa 車 (+4 nét)", "PenStrokes": "一丨フ一一一丨丶フ一ノ", "Shape": "⿰車户", "Unicode": "U+484E"}], ["䢵", "vân", "", "", [], {"Strokes": "6", "Radical": "ấp 邑 (+4 nét)", "PenStrokes": "一一フ丶フ丨", "Shape": "⿰云阝", "Unicode": "U+48B5"}], ["䦰", "", "", "", [], {"Strokes": "19", "Radical": "môn 門 (+11 nét)", "PenStrokes": "フ一一丨丨フ一一ノフ丨フ一一丨フ一一フ", "Shape": "⿵門亀", "Unicode": "U+49B0"}], ["䧧", "", "", "", [], {"Strokes": "15", "Radical": "phụ 阜 (+13 nét)", "PenStrokes": "フ丨丶ノ一一丨一ノ一丨一フノ丶", "Shape": "⿰阝義", "Unicode": "U+49E7"}], ["䧺", "hùng", "", "", [], {"Strokes": "13", "Radical": "chuy 隹 (+5 nét)", "PenStrokes": "一ノ丨フ一ノ丨丶一一一丨一", "Shape": "⿰右隹", "Unicode": "U+49FA"}], ["䨄", "am", "", "", [], {"Strokes": "19", "Radical": "chuy 隹 (+11 nét)", "PenStrokes": "ノ丶丶フ一丨フノフ一一ノ丨丶一一一丨一", "Shape": "⿰酓隹", "Unicode": "U+4A04"}], ["䨩", "linh", "", "", [], {"Strokes": "17", "Radical": "vũ 雨 (+9 nét)", "PenStrokes": "一丶フ丨丶丶丶丶丶フ丨丶丨フ一一丨", "Shape": "⿱雨神", "Unicode": "U+4A29"}], ["䪼", "chuân đồn thuần truân", "", "", [], {"Strokes": "14", "Radical": "hiệt 頁 (+5 nét)", "PenStrokes": "フ丨丨フ丨一ノ丨フ一一一ノ丶", "Shape": "⿰出頁", "Unicode": "U+4ABC"}], ["䬻", "tiễn", "", "", [], {"Strokes": "14", "Radical": "thực 食 (+6 nét)", "PenStrokes": "ノ丶丶フ一一フ丶一一一フノ丶", "Unicode": "U+4B3B"}], ["䯂", "", "", "", [], {"Strokes": "34", "Radical": "mã 馬 (+24 nét)", "PenStrokes": "一丨一一丨フ丶丶丶丶一丨一一丨フ丶丶丶丶一丨一一丨フ丶丶丶丶一丨ノ丶", "Shape": "⿱驫木", "Unicode": "U+4BC2"}], ["䯊", "khách", "", "", [], {"Strokes": "14", "Radical": "cốt 骨 (+5 nét)", "PenStrokes": "丨フフ丶フ丨フ一一一丨フ一丨", "Shape": "⿰骨可", "Unicode": "U+4BCA"}], ["䯒", "hành", "", "", [], {"Strokes": "15", "Radical": "cốt 骨 (+6 nét)", "PenStrokes": "丨フフ丶フ丨フ一一ノノ丨一一丨", "Shape": "⿰骨行", "Unicode": "U+4BD2"}], ["䯨", "xao", "", "", [], {"Strokes": "13", "Radical": "cao 高 (+3 nét)", "PenStrokes": "丶一丨フ一丨フ丨フ一一ノ丶", "Shape": "⿱高大", "Unicode": "U+4BE8"}], ["䰗", "cưu", "", "", [], {"Strokes": "20", "Radical": "đấu 鬥 (+10 nét)", "PenStrokes": "丨一一丨一一一丨一丨ノフ丨フ一丨フ一一フ", "Shape": "⿵鬥⿱⺈黾", "Unicode": "U+4C17"}], ["䰠", "thần", "", "", [], {"Strokes": "14", "Radical": "quỷ 鬼 (+5 nét)", "PenStrokes": "ノ丨フ一一ノフフ丶丨フ一一丨", "Shape": "⿺鬼申", "Unicode": "U+4C20"}], ["䳄", "thư", "", "", [], {"Strokes": "17", "Radical": "điểu 鳥 (+6 nét)", "PenStrokes": "丨一丨一一フノ丨フ一一一フ丶丶丶丶", "Shape": "⿰此鳥", "Unicode": "U+4CC4"}], ["䳑", "", "", "", [], {"Strokes": "17", "Radical": "điểu 鳥 (+6 nét)", "PenStrokes": "一ノ丨フ一一ノ丨フ一一一フ丶丶丶丶", "Shape": "⿰有鳥", "Unicode": "U+4CD1"}], ["䴇", "linh", "", "", [], {"Strokes": "24", "Radical": "điểu 鳥 (+13 nét)", "PenStrokes": "一丶フ丨丶丶丶丶ノ丶丶フ丶ノ丨フ一一一フ丶丶丶丶", "Shape": "⿰零鳥", "Unicode": "U+4D07"}], ["䵷", "oa", "", "", [], {"Strokes": "19", "Radical": "mãnh 黽 (+6 nét)", "PenStrokes": "一丨一一丨一丨フ一丨フ一一一フ一フ一", "Shape": "⿰圭黽", "Unicode": "U+4D77"}], ["丏", "cái diễn miễn", "", "", ["[miễn] tường thấp để tránh tên", "[miễn] không thấy, che khuất, lấp"], {"Strokes": "4", "Radical": "nhất 一 (+3 nét)", "PenStrokes": "一丨フフ", "Unicode": "U+4E0F"}], ["丩", "cưu", "", "", [], {"Strokes": "2", "Radical": "cổn 丨 (+1 nét)", "PenStrokes": "フ丨", "Unicode": "U+4E29"}], ["丬", "bản tường", "", "", [], {"Strokes": "3", "Radical": "tường 爿 (+0 nét)", "PenStrokes": "丶一丨", "Unicode": "U+4E2C"}], ["么", "ma yêu", "", "", ["[ma] bé nhỏ", "[ma] vậy (trợ ngữ)", "[yêu] nhỏ bé"], {"Strokes": "3", "Radical": "triệt 丿 (+2 nét)", "PenStrokes": "ノフ丶", "Shape": "⿱丿厶", "Unicode": "U+4E48"}], ["亻", "nhân nhơn", "", "", ["[nhân] người", "[nhơn] người"], {"Strokes": "2", "Radical": "nhân 人 (+0 nét)", "PenStrokes": "ノ丨", "Unicode": "U+4EBB"}], ["亼", "tập", "", "", [], {"Strokes": "3", "Radical": "nhân 人 (+1 nét)", "PenStrokes": "ノ丶一", "Shape": "⿱人一", "Unicode": "U+4EBC"}], ["仫", "mu", "", "", ["[mu] (xem: mu lao 仫佬)"], {"Strokes": "5", "Radical": "nhân 人 (+3 nét)", "PenStrokes": "ノ丨ノフ丶", "Shape": "⿰亻么", "Unicode": "U+4EEB"}], ["俦", "thù trù", "", "", ["[trù] lũ, bọn"], {"Strokes": "9", "Radical": "nhân 人 (+7 nét)", "PenStrokes": "ノ丨一一一ノ一丨丶", "Shape": "⿰亻寿", "Unicode": "U+4FE6"}], ["俱", "câu", "", "", ["[câu] đều, tất cả"], {"Strokes": "10", "Radical": "nhân 人 (+8 nét)", "PenStrokes": "ノ丨丨フ一一一一ノ丶", "Shape": "⿰亻具", "Unicode": "U+4FF1"}], ["倂", "tính", "", "", ["[tính] hợp lại, gộp lại, dồn lại", "[tính] chặt, ăn (cờ)"], {"Strokes": "10", "Radical": "nhân 人 (+8 nét)", "PenStrokes": "ノ丨ノ一一ノノ一一丨", "Shape": "⿰亻幷", "Unicode": "U+5002"}], ["傈", "lật", "", "", ["[lật] (xem: lật túc 傈僳)"], {"Strokes": "12", "Radical": "nhân 人 (+10 nét)", "PenStrokes": "ノ丨一丨フ丨丨一一丨ノ丶", "Shape": "⿰亻栗", "Unicode": "U+5088"}], ["傣", "thái", "", "", ["[thái] dân tộc Thái ở tỉnh Vân Nam của Trung Quốc"], {"Strokes": "12", "Radical": "nhân 人 (+10 nét)", "PenStrokes": "ノ丨一一一ノ丶丨丶一ノ丶", "Shape": "⿰亻泰", "Unicode": "U+50A3"}], ["傻", "soạ soả xoạ", "", "", ["[xoạ] khờ dại, ngớ ngẩn", "[xoạ] cứng đầu, ngang ngạnh"], {"Strokes": "13", "Radical": "nhân 人 (+11 nét)", "PenStrokes": "ノ丨ノ丨フノ丶一ノ丶ノフ丶", "Shape": "⿰亻⿳囟八夂", "Unicode": "U+50BB"}], ["僳", "túc", "", "", ["[túc] (xem: lật túc 傈僳)"], {"Strokes": "14", "Radical": "nhân 人 (+12 nét)", "PenStrokes": "ノ丨一丨フ丨丨一丶ノ一丨ノ丶", "Shape": "⿰亻粟", "Unicode": "U+50F3"}], ["关", "loan quan tiếu", "", "", ["[quan] cửa ải, cửa ô", "[quan] đóng (cửa)", "[quan] quan hệ, liên quan"], {"Strokes": "6", "Radical": "bát 八 (+4 nét)", "PenStrokes": "丶ノ一一ノ丶", "Shape": "⿱丷天", "Unicode": "U+5173"}], ["养", "dường dưỡng dượng dạng", "", "", ["[dưỡng] nuôi dưỡng", "[dượng] dâng biếu", "[dạng] nuôi dưỡng"], {"Strokes": "9", "Radical": "bát 八 (+7 nét)", "PenStrokes": "丶ノ一一一ノ丶ノ丨", "Shape": "⿱⿱䒑夫⿰丿丨", "Unicode": "U+517B"}], ["凃", "đồ trà", "", "", [], {"Strokes": "9", "Radical": "băng 冫 (+7 nét)", "PenStrokes": "丶一ノ丶一一丨ノ丶", "Shape": "⿰冫余", "Unicode": "U+51C3"}], ["凊", "sảnh thính thảnh", "", "", ["[sảnh] mát mẻ"], {"Strokes": "10", "Radical": "băng 冫 (+8 nét)", "PenStrokes": "丶一一一丨一丨フ一一", "Shape": "⿰冫青", "Unicode": "U+51CA"}], ["劄", "tráp trát", "", "", ["[trát] thẻ tre để viết", "[trát] công văn"], {"Strokes": "14", "Radical": "đao 刀 (+12 nét), trúc 竹 (+8 nét)", "PenStrokes": "ノ一丶ノ一丶ノ丶一丨フ一丨丨", "Shape": "⿰答⺉", "Unicode": "U+5284"}], ["勐", "mãnh", "", "", ["[mãnh] có uy quyền, uy lực lớn"], {"Strokes": "10", "Radical": "lực 力 (+8 nét)", "PenStrokes": "フ丨一丨フ丨丨一フノ", "Shape": "⿰孟力", "Unicode": "U+52D0"}], ["勻", "quân", "", "", ["[quân] đều đặn"], {"Strokes": "4", "Radical": "bao 勹 (+2 nét)", "PenStrokes": "ノフ一一", "Shape": "⿹勹二", "Unicode": "U+52FB"}], ["卧", "ngoạ", "", "", ["[ngoạ] nằm"], {"Strokes": "8", "Radical": "bốc 卜 (+6 nét), thần 臣 (+2 nét)", "PenStrokes": "一丨フ一丨フ丨丶", "Shape": "⿰臣卜", "Unicode": "U+5367"}], ["卺", "cẩn", "", "", ["[cẩn] chén uống rượu làm từ quả bầu"], {"Strokes": "8", "Radical": "tiết 卩 (+6 nét)", "PenStrokes": "フ丨フノ丶一フフ", "Shape": "⿱丞㔾", "Unicode": "U+537A"}], ["卽", "tức", "", "", ["[tức] tới gần", "[tức] ngay, tức thì", "[tức] chính là"], {"Strokes": "9", "Radical": "tiết 卩 (+7 nét)", "PenStrokes": "ノ丨フ一一ノフフ丨", "Shape": "⿰皀卩", "Unicode": "U+537D"}], ["吒", "tra trá", "", "", ["[tra] (tên riêng)"], {"Strokes": "6", "Radical": "khẩu 口 (+3 nét)", "PenStrokes": "丨フ一ノ一フ", "Shape": "⿰口乇", "Unicode": "U+5412"}], ["吞", "thôn(thôn) ドン(DON) トン(TON) テン(TEN)", "のむ(nomu)", "一一ノ丶丨フ一 ⿱天口", ["THÔN (nuốt) [吞 - 1957]", "[Bộ khẩu 口 (+4 nét)]", "吞 (の - no) [YÊU quái mở MIỆNG NUỐT]", "---[Group]", "妖 (YÊU-yêu quái) 笑 (TIẾU-cười) 沃 (ỐC-màu mỡ) 添 (THIÊM-thêm vào) 吞 (THÔN-nuốt) ", "---[VN]", "[thôn] nuốt", "[thôn] tiêu diệt", "---[EN]", "swallow", "absorb", "annex", "engulf"], {"Strokes": "7", "Radical": "khẩu 口 (+4 nét)", "PenStrokes": "一一ノ丶丨フ一", "Shape": "⿱天口", "Unicode": "U+541E"}], ["呕", "hú âu ẩu", "", "", ["[ẩu] thổ ra, hộc ra, nôn mửa"], {"Strokes": "7", "Radical": "khẩu 口 (+4 nét)", "PenStrokes": "丨フ一一ノ丶フ", "Shape": "⿰口区", "Unicode": "U+5455"}], ["呬", "hi hứ linh", "", "", [], {"Strokes": "8", "Radical": "khẩu 口 (+5 nét)", "PenStrokes": "丨フ一丨フノフ一", "Shape": "⿰口四", "Unicode": "U+546C"}], ["咊", "hoà", "", "", ["[hoà] cùng, và", "[hoà] trộn lẫn"], {"Strokes": "8", "Radical": "khẩu 口 (+5 nét)", "PenStrokes": "丨フ一ノ一丨ノ丶", "Shape": "⿰口禾", "Unicode": "U+548A"}], ["咠", "thấp", "", "", [], {"Strokes": "9", "Radical": "khẩu 口 (+6 nét)", "PenStrokes": "丨フ一一丨丨一一一", "Shape": "⿱口耳", "Unicode": "U+54A0"}], ["啽", "ngàm", "", "", [], {"Strokes": "12", "Radical": "khẩu 口 (+9 nét)", "PenStrokes": "丨フ一ノ丶一丨フ一一ノ丨", "Shape": "⿰口弇", "Unicode": "U+557D"}], ["嗝", "cách", "", "", ["[cách] nấc, ợ"], {"Strokes": "13", "Radical": "khẩu 口 (+10 nét)", "PenStrokes": "丨フ一一丨フ一丨フ丶ノ一丨", "Shape": "⿰口鬲", "Unicode": "U+55DD"}], ["嘨", "khiếu sất tiêu", "", "", [], {"Strokes": "14", "Radical": "khẩu 口 (+11 nét)", "PenStrokes": "丨フ一フ一一丨丶ノ一ノ丶ノ丨", "Shape": "⿰口粛", "Unicode": "U+5628"}], ["噓", "hư(hư) キョ(KYO)", "ふく(fuku) うそ(uso)", "丨フ一丨一フノ一フ丨丨フ丨一一 ⿰口虛", ["HƯ (nói dối) [噓 - 2288]", "[Bộ khẩu 口 (+12 nét)]", "噓 (うそ - uso) [MIỆNG HƯ hay NÓI DỐI]", "---[Group]", "劇 (KỊCH-diễn kịch) 虚 (HƯ-hư không) 噓 (HƯ-nói dối) 戯 (HÍ-trêu đùa) 膚 (PHU-da) 慮 (LỰ-lưỡng lự) 虎 (HỔ-con hổ) 虜 (LỖ-tù binh) 虐 (NGƯỢC-ngược đãi) ", "---[VN]", "[hư] thở ra từ từ, hà hơi", "[hư] than thở, thở dài", "---[EN]", "exhale", "blow out", "deep sigh", "hiss", "praise", "flatter", "lie"], {"Strokes": "15", "Radical": "khẩu 口 (+12 nét)", "PenStrokes": "丨フ一丨一フノ一フ丨丨フ丨一一", "Shape": "⿰口虛", "Unicode": "U+5653"}], ["噶", "cát", "", "", ["[cát] (tên đất)"], {"Strokes": "15", "Radical": "khẩu 口 (+12 nét)", "PenStrokes": "丨フ一一丨丨丨フ一一ノフノ丶フ", "Shape": "⿰口葛", "Unicode": "U+5676"}], ["嚲", "đả", "", "", ["[đả] rủ xuống"], {"Strokes": "20", "Radical": "khẩu 口 (+17 nét)", "PenStrokes": "丶一丨フ一フ丨一丨フ一丨フ一丨フ一一一丨", "Shape": "⿰享單", "Unicode": "U+56B2"}], ["埗", "phụ", "", "", [], {"Strokes": "10", "Radical": "thổ 土 (+7 nét)", "PenStrokes": "一丨一丨一丨一丨ノノ", "Shape": "⿰土步", "Unicode": "U+57D7"}], ["增", "tăng", "", "", ["[tăng] tăng thêm lên"], {"Strokes": "15", "Radical": "thổ 土 (+12 nét)", "PenStrokes": "一丨一丶ノ丨フ丨丶ノ一丨フ一一", "Shape": "⿰土曾", "Unicode": "U+589E"}], ["壠", "lũng", "", "", ["[lũng] luống cày"], {"Strokes": "20", "Radical": "thổ 土 (+17 nét)", "PenStrokes": "一丨一丶一丶ノ一丨フ一一一フ一フ一一一", "Shape": "⿰土龍", "Unicode": "U+58E0"}], ["复", "phú phúc phục phức", "", "", ["[phúc] khôi phục, phục hồi", "[phúc] trở lại", "[phúc] làm lại, lặp lại", "[phục] khôi phục, phục hồi", "[phục] trở lại", "[phục] làm lại, lặp lại", "[phức] áo kép", "[phức] kép, ghép, phức"], {"Strokes": "9", "Radical": "tuy 夊 (+6 nét)", "PenStrokes": "ノ一丨フ一一ノフ丶", "Shape": "⿳𠂉日夂", "Unicode": "U+590D"}], ["姸", "nghiên", "", "", ["[nghiên] tươi tỉnh, xinh đẹp"], {"Strokes": "9", "Radical": "nữ 女 (+6 nét)", "PenStrokes": "フノ一一一ノ一一丨", "Shape": "⿰女幵", "Unicode": "U+59F8"}], ["寎", "kính", "", "", [], {"Strokes": "12", "Radical": "miên 宀 (+9 nét)", "PenStrokes": "丶丶フフ丨一ノ一丨フノ丶", "Shape": "⿱宀⿰爿丙", "Unicode": "U+5BCE"}], ["寬", "khoan(khoan) カン(KAN)", "ひろい(hiroi) ゆるやか(yuruyaka) くつろぐ(kutsurogu)", "丶丶フ一丨丨丨フ一一一ノフ丶 ⿱宀萈", ["KHOAN (khoan dung) [寬 - 832]", "[Bộ miên 宀 (+11 nét)]", "寬 (くつろぐ - kutsurogu) [dưới MÁI NHÀ cô THẢO NHÌN mọi người rất KHOAN DUNG]", "---[Group]", "見 (KIẾN-nhìn) 覚 (GIÁC-thị giác) 寬 (KHOAN-khoan dung) 視 (THỊ-thị giác) 現 (HIỆN-hiện thực) 硯 (NGHIỄN-nghiên mực) 規 (QUY-quy tắc) 窺 (KHUY-dòm, ngó) ", "---[VN]", "[khoan] rộng rãi", "---[EN]", "broad", "wide", "spacious", "vast"], {"Strokes": "14", "Radical": "miên 宀 (+11 nét)", "PenStrokes": "丶丶フ一丨丨丨フ一一一ノフ丶", "Shape": "⿱宀萈", "Unicode": "U+5BEC"}], ["尃", "phu", "", "", [], {"Strokes": "10", "Radical": "thốn 寸 (+7 nét)", "PenStrokes": "一丨フ一一丨丶一丨丶", "Shape": "⿱甫寸", "Unicode": "U+5C03"}], ["尒", "nhĩ", "", "", ["[nhĩ] anh, bạn, mày", "[nhĩ] vậy (dùng để kết thúc câu)"], {"Strokes": "5", "Radical": "tiểu 小 (+2 nét)", "PenStrokes": "ノ丶丨ノ丶", "Shape": "⿱人小", "Unicode": "U+5C12"}], ["岧", "thiều", "", "", ["[thiều] (xem: thiều nghiêu 岧嶢)"], {"Strokes": "8", "Radical": "sơn 山 (+5 nét)", "PenStrokes": "丨フ丨フノ丨フ一", "Shape": "⿱山召", "Unicode": "U+5CA7"}], ["岭", "linh lãnh lĩnh", "", "", ["[lĩnh] đỉnh núi"], {"Strokes": "8", "Radical": "sơn 山 (+5 nét)", "PenStrokes": "丨フ丨ノ丶丶フ丶", "Shape": "⿰山令", "Unicode": "U+5CAD"}], ["崐", "côn", "", "", [], {"Strokes": "11", "Radical": "sơn 山 (+8 nét)", "PenStrokes": "丨フ丨丨フ一一一フノフ", "Shape": "⿰山昆", "Unicode": "U+5D10"}], ["崠", "đông", "", "", [], {"Strokes": "11", "Radical": "sơn 山 (+8 nét)", "PenStrokes": "丨フ丨一丨フ一一丨ノ丶", "Shape": "⿰山東", "Unicode": "U+5D20"}], ["嵇", "kê", "", "", ["[kê] (tên núi)"], {"Strokes": "12", "Radical": "sơn 山 (+9 nét)", "PenStrokes": "ノ一丨ノ丶一ノフ丶丨フ丨", "Shape": "⿰禾⿱尤山", "Unicode": "U+5D47"}], ["嶗", "lao", "", "", [], {"Strokes": "15", "Radical": "sơn 山 (+12 nét)", "PenStrokes": "丨フ丨丶ノノ丶丶ノノ丶丶フフノ", "Shape": "⿰山勞", "Unicode": "U+5D97"}], ["巢", "sào", "", "", ["[sào] tổ chim, ổ"], {"Strokes": "11", "Radical": "xuyên 巛 (+8 nét)", "PenStrokes": "フフフ丨フ一一一丨ノ丶", "Shape": "⿱巛果", "Unicode": "U+5DE2"}], ["幷", "bình bính tinh tính tịnh", "", "", ["[tinh] hợp, gồm", "[tinh] châu Tinh (Trung Quốc)"], {"Strokes": "8", "Radical": "can 干 (+5 nét)", "PenStrokes": "ノ一一ノノ一一丨", "Shape": "⿰⿱丿干⿱丿干", "Unicode": "U+5E77"}], ["庹", "thoả", "", "", ["[thoả] sải tay", "[thoả] họ Thoả"], {"Strokes": "11", "Radical": "nghiễm 广 (+8 nét)", "PenStrokes": "丶一ノ一丨丨一フ一ノ丶", "Shape": "⿸广⿱廿尺", "Unicode": "U+5EB9"}], ["廹", "bách bài", "", "", [], {"Strokes": "7", "Radical": "dẫn 廴 (+5 nét)", "PenStrokes": "ノ丨フ一一フ丶", "Shape": "⿺廴白", "Unicode": "U+5EF9"}], ["廽", "hồi", "", "", [], {"Strokes": "9", "Radical": "dẫn 廴 (+7 nét)", "PenStrokes": "丨フ丨丨一一一フ丶", "Shape": "⿺廴囬", "Unicode": "U+5EFD"}], ["开", "khai", "", "", ["[khai] mở ra", "[khai] nở (hoa)", "[khai] một phần chia", "[khai] sôi (nước)"], {"Strokes": "4", "Radical": "củng 廾 (+1 nét)", "PenStrokes": "一一ノ丨", "Shape": "⿱一廾", "Unicode": "U+5F00"}], ["徵", "chuỷ truỷ trưng trừng", "", "", ["[trưng] trưng tập, gọi đến", "[trưng] thu", "[trưng] chứng minh"], {"Strokes": "15", "Radical": "xích 彳 (+12 nét)", "PenStrokes": "ノノ丨丨フ丨一一一丨一ノ一ノ丶", "Unicode": "U+5FB5"}], ["德", "đức", "", "", ["[đức] đạo đức, thiện", "[đức] ơn, ân", "[đức] nước Đức"], {"Strokes": "15", "Radical": "xích 彳 (+12 nét)", "PenStrokes": "ノノ丨一丨丨フ丨丨一一丶フ丶丶", "Shape": "⿰彳⿱⿱十罒⿱一心", "Unicode": "U+5FB7"}], ["惮", "đạn", "", "", ["[đạn] kinh sợ, run sợ"], {"Strokes": "11", "Radical": "tâm 心 (+8 nét)", "PenStrokes": "丶丶丨丶ノ丨フ一一一丨", "Shape": "⿰⺖单", "Unicode": "U+60EE"}], ["懵", "manh mông mặng mộng", "", "", ["[mộng] ngu muội", "[mộng] hồ đồ"], {"Strokes": "18", "Radical": "tâm 心 (+15 nét)", "PenStrokes": "丶丶丨一丨丨丨フ丨丨一丶フ丨フ一一一", "Shape": "⿰⺖瞢", "Unicode": "U+61F5"}], ["戾", "liệt lệ", "", "", ["[lệ] đến", "[lệ] thôi, dừng lại", "[lệ] định hẳn", "[lệ] ngang trái"], {"Strokes": "8", "Radical": "hộ 戶 (+4 nét)", "PenStrokes": "丶フ一ノ一ノ丶丶", "Shape": "⿸户犬", "Unicode": "U+623E"}], ["扡", "tha thiên", "", "", ["[thiên] cây xỉa", "[thiên] đâm, thọc, xỉa, chọc"], {"Strokes": "6", "Radical": "thủ 手 (+3 nét)", "PenStrokes": "一丨一フ丨フ", "Shape": "⿰⺘也", "Unicode": "U+6261"}], ["扻", "tiết", "", "", [], {"Strokes": "7", "Radical": "thủ 手 (+4 nét)", "PenStrokes": "一丨一ノフノ丶", "Shape": "⿰⺘欠", "Unicode": "U+627B"}], ["抅", "câu", "", "", ["[câu] dùng bùn để trét sửa tường"], {"Strokes": "7", "Radical": "thủ 手 (+4 nét)", "PenStrokes": "一丨一ノフフ丶", "Shape": "⿰⺘勾", "Unicode": "U+6285"}], ["挲", "sa ta", "", "", ["[sa] vuốt ve, mơn trớn"], {"Strokes": "11", "Radical": "thủ 手 (+7 nét)", "PenStrokes": "丶丶一丨ノ丶ノノ一一丨", "Shape": "⿱沙手", "Unicode": "U+6332"}], ["揫", "thu tưu", "", "", ["[thu] níu, xoắn lại"], {"Strokes": "13", "Radical": "thủ 手 (+9 nét)", "PenStrokes": "ノ一丨ノ丶丶ノノ丶ノ一一丨", "Shape": "⿱秋手", "Unicode": "U+63EB"}], ["揭", "khế yết", "", "", ["[yết] bóc, mở", "[yết] vạch trần, phơi bày"], {"Strokes": "12", "Radical": "thủ 手 (+9 nét)", "PenStrokes": "一丨一丨フ一一ノフノ丶フ", "Shape": "⿰⺘曷", "Unicode": "U+63ED"}], ["揷", "sáp tháp tráp", "", "", ["[sáp] cắm vào", "[sáp] gài, giắt", "[sáp] cài, tra", "[sáp] len vào, chen vào, nhúng vào", "[tháp] cắm vào", "[tháp] gài, giắt", "[tháp] cài, tra", "[tháp] len vào, chen vào, nhúng vào"], {"Strokes": "12", "Radical": "thủ 手 (+9 nét)", "PenStrokes": "一丨一ノ一丨ノ丨一フ一一", "Shape": "⿰⺘臿", "Unicode": "U+63F7"}], ["摹", "mô", "", "", ["[mô] mô phỏng, bắt chước"], {"Strokes": "14", "Radical": "thủ 手 (+10 nét)", "PenStrokes": "一丨丨丨フ一一一ノ丶ノ一一丨", "Shape": "⿱莫手", "Unicode": "U+6479"}], ["攲", "khi", "", "", ["[khi] nghiêng lệch"], {"Strokes": "12", "Radical": "chi 支 (+8 nét)", "PenStrokes": "一ノ丶一丨フ一丨一丨フ丶", "Shape": "⿰奇支", "Unicode": "U+6532"}], ["敄", "vụ", "", "", [], {"Strokes": "9", "Radical": "phác 攴 (+5 nét)", "PenStrokes": "フ丶フ丨ノノ一ノ丶", "Shape": "⿰矛攵", "Unicode": "U+6544"}], ["斵", "trác", "", "", ["[trác] đẽo (gỗ)"], {"Strokes": "17", "Radical": "cân 斤 (+13 nét)", "PenStrokes": "ノフ丶フノ一丨一フフ一丨一ノノ一丨", "Shape": "⿰⿱卯亞斤", "Unicode": "U+65B5"}], ["斸", "chước trọc trục", "", "", ["[chước] chặt, đẵn (cây)"], {"Strokes": "25", "Radical": "cân 斤 (+21 nét)", "PenStrokes": "フ一ノ丨丶一ノ丶丨フ丨丨一ノフ丨フ一丨一丶ノノ一丨", "Shape": "⿰屬斤", "Unicode": "U+65B8"}], ["旼", "mân", "", "", [], {"Strokes": "8", "Radical": "nhật 日 (+4 nét)", "PenStrokes": "丨フ一一丶一ノ丶", "Shape": "⿰日文", "Unicode": "U+65FC"}], ["昺", "bính bỉnh", "", "", ["[bính] sáng chói", "[bính] tỏ rõ", "[bỉnh] sáng chói", "[bỉnh] tỏ rõ"], {"Strokes": "9", "Radical": "nhật 日 (+5 nét)", "PenStrokes": "丨フ一一一丨フノ丶", "Shape": "⿱日丙", "Unicode": "U+663A"}], ["晚", "vãn(vãn) バン(BAN)", "くれ(kure) おそい(osoi)", "丨フ一一ノフ丨フ一ノフ ⿰日免", ["VÃN (buổi tối) [晚 - 414]", "[Bộ nhật 日 (+7 nét)]", "晚 (ゆう - yū) [NGÀY MIỄN tội đi chơi đến TỐI]", "---[Group]", "免 (MIỄN-miễn tội) 勉 (MIỄN-cố gắng) 晚 (VÃN-buổi tối) 逸 (DẬT-ẩn dật) 挽 (VÃN-xay) 娩 (VÃN-sinh đẻ) ", "---[VN]", "[vãn] buổi chiều", "---[EN]", "night", "evening", "late"], {"Strokes": "11", "Radical": "nhật 日 (+7 nét)", "PenStrokes": "丨フ一一ノフ丨フ一ノフ", "Shape": "⿰日免", "Unicode": "U+665A"}], ["晥", "hoàn", "", "", [], {"Strokes": "11", "Radical": "nhật 日 (+7 nét)", "PenStrokes": "丨フ一一丶丶フ一一ノフ", "Shape": "⿰日完", "Unicode": "U+6665"}], ["曆", "lịch(lịch) レキ(REKI)", "こよみ(koyomi)", "一ノノ一丨ノ丶ノ一丨ノ丶丨フ一一 ⿸厤日", ["LỊCH (tấm lịch) [曆 - 1800]", "[Bộ nhật 日 (+12 nét)]", "曆 (れき - reki) [dưới SƯỜN NÚI vào RỪNG cả NGÀY xem TẤM LỊCH]", "---[Group]", "焚 (PHẦN-đốt) 淋 (LÂM-cô đơn) 麻 (MA-ma túy) 摩 (MA-ma sát) 磨 (MA-mài) 魔 (MA-ma quỷ) 歷 (LỊCH-lý lịch) 曆 (LỊCH-tấm lịch) 禁 (CẤM-nghiêm cấm) 襟 (KHÂM-cổ áo) 贊 (TÁN-tán thành) 讚 (TÁN-tán dương) 替 (THẾ-thay thế) 潛 (TIỀM-tiềm ẩn) ", "---[VN]", "[lịch] lịch pháp, lịch chí", "---[EN]", "calendar", "era"], {"Strokes": "16", "Radical": "nhật 日 (+12 nét)", "PenStrokes": "一ノノ一丨ノ丶ノ一丨ノ丶丨フ一一", "Shape": "⿸厤日", "Unicode": "U+66C6"}], ["朁", "thảm", "", "", [], {"Strokes": "12", "Radical": "viết 曰 (+8 nét)", "PenStrokes": "一フノフ一フノフ丨フ一一", "Shape": "⿱⿰旡旡曰", "Unicode": "U+6701"}], ["枒", "nha nhạ", "", "", ["[nha] chạc cây", "[nha] vành bánh xe", "[nhạ] chạc cây", "[nhạ] vành bánh xe"], {"Strokes": "8", "Radical": "mộc 木 (+4 nét)", "PenStrokes": "一丨ノ丶一フ丨ノ", "Shape": "⿰木牙", "Unicode": "U+6792"}], ["栘", "di", "", "", ["[di] cây đường lệ (một loại cây trong truyền thuyết)"], {"Strokes": "10", "Radical": "mộc 木 (+6 nét)", "PenStrokes": "一丨ノ丶ノフ丶ノフ丶", "Shape": "⿰木多", "Unicode": "U+6818"}], ["栾", "loan", "", "", ["[loan] cây loan", "[loan] tròn xoe", "[loan] hai góc miệng chuông"], {"Strokes": "10", "Radical": "mộc 木 (+6 nét)", "PenStrokes": "丶一丨丨ノ丶一丨ノ丶", "Shape": "⿱亦木", "Unicode": "U+683E"}], ["梐", "bệ", "", "", ["[bệ] hàng rào"], {"Strokes": "11", "Radical": "mộc 木 (+7 nét)", "PenStrokes": "一丨ノ丶一フノフ一丨一", "Shape": "⿰木坒", "Unicode": "U+6890"}], ["梴", "siên", "", "", [], {"Strokes": "10", "Radical": "mộc 木 (+6 nét)", "PenStrokes": "一丨ノ丶ノ丨一フフ丶", "Shape": "⿰木延", "Unicode": "U+68B4"}], ["棃", "lê", "", "", ["[lê] cây lê, quả lê"], {"Strokes": "12", "Radical": "mộc 木 (+8 nét)", "PenStrokes": "ノ一丨ノ丶ノフノ一丨ノ丶", "Shape": "⿱𥝢木", "Unicode": "U+68C3"}], ["槩", "khái", "", "", ["[khái] gạt phẳng, gạt bằng", "[khái] đo đạc", "[khái] bao quát, tóm tắt"], {"Strokes": "13", "Radical": "mộc 木 (+9 nét)", "PenStrokes": "フ一一フ丶一フノフ一丨ノ丶", "Shape": "⿱旣木", "Unicode": "U+69E9"}], ["槪", "hị khái", "", "", [], {"Strokes": "15", "Radical": "mộc 木 (+11 nét)", "PenStrokes": "一丨ノ丶ノ丨フ一一ノフ一フノフ", "Shape": "⿰木旣", "Unicode": "U+69EA"}], ["樳", "tầm", "", "", [], {"Strokes": "16", "Radical": "mộc 木 (+12 nét)", "PenStrokes": "一丨ノ丶フ一一一丨一丨フ一一丨丶", "Shape": "⿰木尋", "Unicode": "U+6A33"}], ["橫", "hoành hoạnh quáng", "", "", ["[hoành] ngang"], {"Strokes": "16", "Radical": "mộc 木 (+12 nét)", "PenStrokes": "一丨ノ丶一丨丨一一丨フ一丨一ノ丶", "Shape": "⿰木黃", "Unicode": "U+6A6B"}], ["檔", "đáng đương", "", "", ["[đáng] tấm phản", "[đáng] bản bằng gỗ mỏng để viết văn tự vào", "[đáng] tệp, file (tin học)", "[đương] tấm phản", "[đương] bản bằng gỗ mỏng để viết văn tự vào", "[đương] tệp, file (tin học)"], {"Strokes": "17", "Radical": "mộc 木 (+13 nét)", "PenStrokes": "一丨ノ丶丨丶ノ丶フ丨フ一丨フ一丨一", "Shape": "⿰木當", "Unicode": "U+6A94"}], ["櫳", "long lung", "", "", ["[long] cửa sổ", "[long] cái lồng, cái cũi", "[lung] cửa sổ", "[lung] cái lồng, cái cũi"], {"Strokes": "21", "Radical": "mộc 木 (+17 nét)", "PenStrokes": "一丨ノ丶丶一丶ノ一丨フ一一一フ一フ一一一", "Shape": "⿰木龍", "Unicode": "U+6AF3"}], ["步", "bộ", "", "", ["[bộ] đi chân", "[bộ] bước"], {"Strokes": "7", "Radical": "chỉ 止 (+3 nét)", "PenStrokes": "丨一丨一丨ノノ", "Shape": "⿱止𣥂", "Unicode": "U+6B65"}], ["歷", "lịch(lịch)", "", "一ノノ一丨ノ丶ノ一丨ノ丶丨一丨一 ⿸厤止", ["LỊCH (lý lịch) [歷 - 1799]", "[Bộ chỉ 止 (+12 nét)]", "歷 (れき - reki) [dưới SƯỜN NÚI vào RỪNG DỪNG LẠI xem LÝ LỊCH]", "---[Group]", "焚 (PHẦN-đốt) 淋 (LÂM-cô đơn) 麻 (MA-ma túy) 摩 (MA-ma sát) 磨 (MA-mài) 魔 (MA-ma quỷ) 歷 (LỊCH-lý lịch) 曆 (LỊCH-tấm lịch) 禁 (CẤM-nghiêm cấm) 襟 (KHÂM-cổ áo) 贊 (TÁN-tán thành) 讚 (TÁN-tán dương) 替 (THẾ-thay thế) 潛 (TIỀM-tiềm ẩn) ", "---[VN]", "[lịch] trải qua, vượt qua", "[lịch] lịch (như: lịch 曆)", "---[EN]", "take place", "past", "history"], {"Strokes": "16", "Radical": "chỉ 止 (+12 nét)", "PenStrokes": "一ノノ一丨ノ丶ノ一丨ノ丶丨一丨一", "Shape": "⿸厤止", "Unicode": "U+6B77"}], ["歺", "ngạt", "", "", [], {"Strokes": "5", "Radical": "ngạt 歹 (+1 nét)", "PenStrokes": "丨一ノフ丶", "Unicode": "U+6B7A"}], ["殁", "một", "", "", [], {"Strokes": "8", "Radical": "ngạt 歹 (+4 nét)", "PenStrokes": "一ノフ丶ノフフ丶", "Shape": "⿰歹殳", "Unicode": "U+6B81"}], ["毈", "đoạn", "", "", ["[đoạn] trứng ung, trứng ấp không nở"], {"Strokes": "16", "Radical": "thù 殳 (+12 nét)", "PenStrokes": "ノフ丶ノフ丨丶ノ丨一一一ノフフ丶", "Shape": "⿰卵段", "Unicode": "U+6BC8"}], ["每", "mai môi mỗi", "", "", ["[mỗi] mỗi một"], {"Strokes": "7", "Radical": "vô 毋 (+2 nét)", "PenStrokes": "ノ一フフ丶一丶", "Shape": "⿱𠂉母", "Unicode": "U+6BCF"}], ["毗", "bì tì tỳ", "", "", ["[bì] giúp đỡ"], {"Strokes": "9", "Radical": "tỷ 比 (+5 nét), điền 田 (+4 nét)", "PenStrokes": "丨フ一丨一一フノフ", "Shape": "⿰田比", "Unicode": "U+6BD7"}], ["氊", "chiên", "", "", ["[chiên] mền, chăn, giạ"], {"Strokes": "17", "Radical": "mao 毛 (+13 nét)", "PenStrokes": "ノ一一フ丶一丨フ丨フ一一丨フ一一一", "Shape": "⿺毛亶", "Unicode": "U+6C0A"}], ["沄", "vân", "", "", ["[vân] nước chảy xoáy cuồn cuộn", "[vân] sóng lớn trong sông"], {"Strokes": "7", "Radical": "thuỷ 水 (+4 nét)", "PenStrokes": "丶丶一一一フ丶", "Shape": "⿰⺡云", "Unicode": "U+6C84"}], ["沪", "hỗ", "", "", [], {"Strokes": "7", "Radical": "thuỷ 水 (+4 nét)", "PenStrokes": "丶丶一丶フ一ノ", "Shape": "⿰⺡户", "Unicode": "U+6CAA"}], ["沭", "thuật", "", "", ["[thuật] sông Thuật"], {"Strokes": "8", "Radical": "thuỷ 水 (+5 nét)", "PenStrokes": "丶丶一一丨ノ丶丶", "Shape": "⿰⺡术", "Unicode": "U+6CAD"}], ["泭", "phu", "", "", [], {"Strokes": "8", "Radical": "thuỷ 水 (+5 nét)", "PenStrokes": "丶丶一ノ丨一丨丶", "Shape": "⿰⺡付", "Unicode": "U+6CED"}], ["泻", "tích tả", "", "", ["[tích] đất mặn", "[tả] dòng nước"], {"Strokes": "8", "Radical": "thuỷ 水 (+5 nét)", "PenStrokes": "丶丶一丶フ一フ一", "Shape": "⿰⺡写", "Unicode": "U+6CFB"}], ["洤", "toàn tuyền", "", "", [], {"Strokes": "9", "Radical": "thuỷ 水 (+6 nét)", "PenStrokes": "丶丶一ノ丶一一丨一", "Shape": "⿰⺡全", "Unicode": "U+6D24"}], ["洴", "bình", "", "", ["[bình] tiếng giặt sợi trên nước", "[bình] giặt, tẩy"], {"Strokes": "9", "Radical": "thuỷ 水 (+6 nét)", "PenStrokes": "丶丶一丶ノ一一ノ丨", "Shape": "⿰⺡并", "Unicode": "U+6D34"}], ["涉", "thiệp", "", "", ["[thiệp] lội", "[thiệp] bước vào, dấn thân vào"], {"Strokes": "10", "Radical": "thuỷ 水 (+7 nét)", "PenStrokes": "丶丶一丨一丨一丨ノノ", "Shape": "⿰⺡步", "Unicode": "U+6D89"}], ["涊", "niễn", "", "", ["[niễn] vẩn đục"], {"Strokes": "10", "Radical": "thuỷ 水 (+7 nét)", "PenStrokes": "丶丶一フノ丶丶フ丶丶", "Shape": "⿰⺡忍", "Unicode": "U+6D8A"}], ["涮", "xuyến", "", "", ["[xuyến] gột, súc, rửa qua loa", "[xuyến] tái, nhúng, trần"], {"Strokes": "11", "Radical": "thuỷ 水 (+8 nét)", "PenStrokes": "丶丶一フ一ノ丨フ丨丨丨", "Shape": "⿰⺡刷", "Unicode": "U+6DAE"}], ["淚", "luỵ lệ", "", "", ["[lệ] nước mắt"], {"Strokes": "11", "Radical": "thuỷ 水 (+8 nét)", "PenStrokes": "丶丶一丶フ一ノ一ノ丶丶", "Shape": "⿰⺡戾", "Unicode": "U+6DDA"}], ["渗", "sấm", "", "", ["[sấm] chảy, rỉ ra"], {"Strokes": "11", "Radical": "thuỷ 水 (+8 nét)", "PenStrokes": "丶丶一フ丶一ノ丶ノノノ", "Shape": "⿰⺡参", "Unicode": "U+6E17"}], ["渴", "hạt khát kiệt", "", "", ["[khát] khát (nước)"], {"Strokes": "12", "Radical": "thuỷ 水 (+9 nét)", "PenStrokes": "丶丶一丨フ一一ノフノ丶フ", "Shape": "⿰⺡曷", "Unicode": "U+6E34"}], ["溫", "uẩn ôn", "", "", ["[ôn] nhắc lại, xem lại", "[ôn] ấm áp"], {"Strokes": "13", "Radical": "thuỷ 水 (+10 nét)", "PenStrokes": "丶丶一丨フノ丶一丨フ丨丨一", "Shape": "⿰⺡𥁕", "Unicode": "U+6EAB"}], ["溴", "kích xú", "", "", ["[xú] hơi nước", "[xú] Brôm, Br"], {"Strokes": "13", "Radical": "thuỷ 水 (+10 nét)", "PenStrokes": "丶丶一ノ丨フ一一一一ノ丶丶", "Shape": "⿰⺡臭", "Unicode": "U+6EB4"}], ["滙", "hối", "", "", ["[hối] quay lại"], {"Strokes": "13", "Radical": "thuỷ 水 (+10 nét)", "PenStrokes": "丶丶一一ノ丨丶一一一丨一フ", "Shape": "⿰⺡⿷匚隹", "Unicode": "U+6ED9"}], ["潠", "tuyển tốn", "", "", ["[tốn] phun nước"], {"Strokes": "15", "Radical": "thuỷ 水 (+12 nét)", "PenStrokes": "丶丶一フ一フフ一フ一丨丨一ノ丶", "Shape": "⿰⺡巽", "Unicode": "U+6F60"}], ["澾", "thát", "", "", ["[thát] trơn"], {"Strokes": "15", "Radical": "thuỷ 水 (+12 nét)", "PenStrokes": "丶丶一一丨一丶ノ一一一丨丶フ丶", "Shape": "⿰⺡達", "Unicode": "U+6FBE"}], ["瀨", "lại", "", "", ["[lại] nước chảy trên cát", "[lại] chảy xiết", "[lại] sông Lai"], {"Strokes": "19", "Radical": "thuỷ 水 (+16 nét)", "PenStrokes": "丶丶一一丨フ一丨ノ丶ノフ丨フ一一一ノ丶", "Shape": "⿰⺡賴", "Unicode": "U+7028"}], ["瀺", "sàm", "", "", ["[sàm] nước đổ vào hang động", "[sàm] mồ hôi trên tay chân"], {"Strokes": "20", "Radical": "thuỷ 水 (+17 nét)", "PenStrokes": "丶丶一ノフ丨フ一一フノフノフ丨フ一ノフ丶", "Shape": "⿰⺡毚", "Unicode": "U+703A"}], ["灩", "diễm liễm", "", "", ["[diễm] nước động, sóng sánh, chan chứa, tràn đầy"], {"Strokes": "31", "Radical": "thuỷ 水 (+28 nét)", "PenStrokes": "丶丶一一一一丨丨一一一丨フ丨一丨フ一丶ノ一一丨一フ丶丨フ丨丨一", "Shape": "⿰⺡豔", "Unicode": "U+7069"}], ["炻", "thạch", "", "", ["[thạch] một loại đồ sành sứ nhỏ để đựng"], {"Strokes": "9", "Radical": "hoả 火 (+5 nét)", "PenStrokes": "丶ノノ丶一ノ丨フ一", "Shape": "⿰火石", "Unicode": "U+70BB"}], ["烬", "tẫn", "", "", ["[tẫn] lửa tàn"], {"Strokes": "10", "Radical": "hoả 火 (+6 nét)", "PenStrokes": "丶ノノ丶フ一ノ丶丶丶", "Shape": "⿰火尽", "Unicode": "U+70EC"}], ["焮", "hân", "", "", ["[hân] hơ nóng, nướng"], {"Strokes": "12", "Radical": "hoả 火 (+8 nét)", "PenStrokes": "丶ノノ丶ノノ一丨ノフノ丶", "Shape": "⿰火欣", "Unicode": "U+712E"}], ["煑", "chử", "", "", ["[chử] nấu (cơm)"], {"Strokes": "12", "Radical": "hoả 火 (+8 nét)", "PenStrokes": "一丨一ノ丨フ一一丶ノノ丶", "Shape": "⿱者火", "Unicode": "U+7151"}], ["狀", "trạng", "", "", ["[trạng] hình dáng", "[trạng] trạng (người đỗ đầu kỳ thi)"], {"Strokes": "8", "Radical": "khuyển 犬 (+4 nét)", "PenStrokes": "フ丨一ノ一ノ丶丶", "Shape": "⿰爿犬", "Unicode": "U+72C0"}], ["猹", "", "", "", [], {"Strokes": "12", "Radical": "khuyển 犬 (+9 nét)", "PenStrokes": "ノフノ一丨ノ丶丨フ一一一", "Shape": "⿰⺨查", "Unicode": "U+7339"}], ["玔", "xuyến", "", "", [], {"Strokes": "7", "Radical": "ngọc 玉 (+3 nét)", "PenStrokes": "一一丨一ノ丨丨", "Shape": "⿰⺩川", "Unicode": "U+7394"}], ["玨", "giác", "", "", ["[giác] hai viên ngọc dính liền"], {"Strokes": "8", "Radical": "ngọc 玉 (+4 nét)", "PenStrokes": "一一丨一一一丨一", "Shape": "⿰⺩王", "Unicode": "U+73A8"}], ["璈", "ngao", "", "", ["[ngao] (một nhạc cụ)"], {"Strokes": "14", "Radical": "ngọc 玉 (+10 nét)", "PenStrokes": "一一丨一一一丨一フノノ一ノ丶", "Shape": "⿰⺩敖", "Unicode": "U+7488"}], ["璥", "", "", "", [], {"Strokes": "16", "Radical": "ngọc 玉 (+12 nét)", "PenStrokes": "一一丨一一丨丨ノフ丨フ一ノ一ノ丶", "Shape": "⿰⺩敬", "Unicode": "U+74A5"}], ["璺", "vấn", "", "", ["[vấn] vết nứt của viên ngọc"], {"Strokes": "20", "Radical": "ngọc 玉 (+15 nét)", "PenStrokes": "ノ丨一一丨フ一丨フ一フ一一丶フ一一丨一丶", "Unicode": "U+74BA"}], ["瓖", "tương", "", "", ["[tương] các vật hoà hợp với nhau", "[tương] vá, trám, nạm"], {"Strokes": "21", "Radical": "ngọc 玉 (+17 nét)", "PenStrokes": "一一丨一丶一丨フ一丨フ一一一丨丨一ノフノ丶", "Shape": "⿰⺩襄", "Unicode": "U+74D6"}], ["甁", "bình", "", "", ["[bình] cái bình, cái lọ"], {"Strokes": "12", "Radical": "ngoã 瓦 (+8 nét)", "PenStrokes": "ノ一一ノノ一一丨一フフ丶", "Shape": "⿰幷瓦", "Unicode": "U+7501"}], ["畬", "dư xa", "", "", ["[dư] ruộng đã khai khẩn lâu"], {"Strokes": "12", "Radical": "điền 田 (+7 nét)", "PenStrokes": "ノ丶一一丨ノ丶丨フ一丨一", "Shape": "⿱余田", "Unicode": "U+756C"}], ["畲", "dư xa", "", "", [], {"Strokes": "12", "Radical": "điền 田 (+7 nét)", "PenStrokes": "ノ丶一一丨ノ丶丨フ一丨一", "Shape": "⿱佘田", "Unicode": "U+7572"}], ["瘘", "lu lũ", "", "", ["[lu] (xem: câu lu 痀瘻)", "[lũ] nhọt nhỏ"], {"Strokes": "14", "Radical": "nạch 疒 (+9 nét)", "PenStrokes": "丶一ノ丶一丶ノ一丨ノ丶フノ一", "Shape": "⿸疒娄", "Unicode": "U+7618"}], ["瘨", "điên", "", "", [], {"Strokes": "15", "Radical": "nạch 疒 (+10 nét)", "PenStrokes": "丶一ノ丶一一丨丨フ一一一一ノ丶", "Shape": "⿸疒真", "Unicode": "U+7628"}], ["皞", "hạo", "", "", ["[hạo] (xem: hạo hạo 皡皡)"], {"Strokes": "15", "Radical": "bạch 白 (+10 nét)", "PenStrokes": "ノ丨フ一一ノ丨フ一一一ノ丶一丨", "Shape": "⿰白皋", "Unicode": "U+769E"}], ["皡", "hạo", "", "", ["[hạo] (xem: hạo hạo 皡皡)"], {"Strokes": "16", "Radical": "bạch 白 (+11 nét)", "PenStrokes": "ノ丨フ一一ノ丨フ一一丶一ノ丶一丨", "Shape": "⿰白皐", "Unicode": "U+76A1"}], ["睘", "quỳnh", "", "", ["[quỳnh] mắt nhìn kinh sợ"], {"Strokes": "13", "Radical": "mục 目 (+8 nét)", "PenStrokes": "丨フ丨丨一一丨フ一ノフノ丶", "Shape": "⿳罒𠮛𧘇", "Unicode": "U+7758"}], ["瞤", "nhuần nhuận thuấn thuần", "", "", ["[nhuần] máy mắt, mắt hấp háy", "[nhuần] bắp thịt co giật", "[thuần] nháy mắt"], {"Strokes": "17", "Radical": "mục 目 (+12 nét)", "PenStrokes": "丨フ一一一丨フ一一丨フ一一一一丨一", "Shape": "⿰目閏", "Unicode": "U+77A4"}], ["瞩", "chúc", "", "", ["[chúc] nhìn kỹ, ngắm"], {"Strokes": "17", "Radical": "mục 目 (+12 nét)", "PenStrokes": "丨フ一一一フ一ノノ丨フ一丨フ丨一丶", "Shape": "⿰目属", "Unicode": "U+77A9"}], ["砬", "", "", "", [], {"Strokes": "10", "Radical": "thạch 石 (+5 nét)", "PenStrokes": "一ノ丨フ一丶一丶ノ一", "Shape": "⿰石立", "Unicode": "U+782C"}], ["硏", "nghiên nghiễn", "", "", ["[nghiên] nghiền, mài", "[nghiên] tìm tòi"], {"Strokes": "11", "Radical": "thạch 石 (+6 nét)", "PenStrokes": "一ノ丨フ一一一ノ一一丨", "Shape": "⿰石幵", "Unicode": "U+784F"}], ["礮", "bác pháo", "", "", ["[bác] khẩu pháo", "[pháo] máy bắn đá", "[pháo] pháo", "[pháo] mìn"], {"Strokes": "21", "Radical": "thạch 石 (+16 nét)", "PenStrokes": "一ノ丨フ一一丨一一丨フ丶丶丶丶丶一ノ丶ノ丶", "Shape": "⿰石駮", "Unicode": "U+792E"}], ["种", "chúng chủng trùng xung", "", "", ["[chủng] thóc giống", "[chủng] chủng loại, giống"], {"Strokes": "9", "Radical": "hoà 禾 (+4 nét)", "PenStrokes": "ノ一丨ノ丶丨フ一丨", "Shape": "⿰禾中", "Unicode": "U+79CD"}], ["窾", "khoản", "", "", ["[khoản] chỗ hở ra", "[khoản] rỗng"], {"Strokes": "17", "Radical": "huyệt 穴 (+12 nét)", "PenStrokes": "丶丶フノ丶一丨一一一丨ノ丶ノフノ丶", "Shape": "⿱穴款", "Unicode": "U+7ABE"}], ["筹", "trù", "", "", ["[trù] thẻ tre, que", "[trù] tính toán trước, trù tính"], {"Strokes": "13", "Radical": "trúc 竹 (+7 nét)", "PenStrokes": "ノ一丶ノ一丶一一一ノ一丨丶", "Shape": "⿱⺮寿", "Unicode": "U+7B79"}], ["篰", "bậu bộ", "", "", ["[bộ] cái giỏ tre"], {"Strokes": "16", "Radical": "trúc 竹 (+10 nét)", "PenStrokes": "ノ一丶ノ一丶丶一丶ノ一丨フ一フ丨", "Shape": "⿱⺮部", "Unicode": "U+7BF0"}], ["簞", "đan", "", "", ["[đan] cái giường"], {"Strokes": "18", "Radical": "trúc 竹 (+12 nét)", "PenStrokes": "ノ一丶ノ一丶丨フ一丨フ一丨フ一一一丨", "Shape": "⿱⺮單", "Unicode": "U+7C1E"}], ["籯", "doanh", "", "", ["[doanh] cái hòm bằng tre"], {"Strokes": "26", "Radical": "trúc 竹 (+20 nét)", "PenStrokes": "ノ一丶ノ一丶丶一フ丨フ一ノフ一一丨フ一一一ノ丶ノフ丶", "Shape": "⿱⺮贏", "Unicode": "U+7C6F"}], ["綠", "lục", "", "", ["[lục] màu xanh"], {"Strokes": "14", "Radical": "mịch 糸 (+8 nét)", "PenStrokes": "フフ丶丶丶丶フフ一丨丶一ノ丶", "Shape": "⿰糹彔", "Unicode": "U+7DA0"}], ["緖", "tự", "", "", ["[tự] đầu dây, đầu mối"], {"Strokes": "15", "Radical": "mịch 糸 (+9 nét)", "PenStrokes": "フフ丶丶丶丶一丨一ノ丨フ一一丶", "Shape": "⿰糹者", "Unicode": "U+7DD6"}], ["緣", "duyên duyến", "", "", ["[duyên] duyên", "[duyên] noi theo"], {"Strokes": "15", "Radical": "mịch 糸 (+9 nét)", "PenStrokes": "フフ丶丶丶丶フフ一ノフノノノ丶", "Shape": "⿰糹彖", "Unicode": "U+7DE3"}], ["耂", "lão", "", "", [], {"Strokes": "4", "Radical": "lão 老 (+0 nét)", "PenStrokes": "一丨一ノ", "Unicode": "U+8002"}], ["聃", "tham đam", "", "", ["[đam] mê mải, đắm đuối"], {"Strokes": "11", "Radical": "nhĩ 耳 (+5 nét)", "PenStrokes": "一丨丨一一一丨フ丨一一", "Shape": "⿰耳冉", "Unicode": "U+8043"}], ["肙", "quyên", "", "", [], {"Strokes": "7", "Radical": "nhục 肉 (+3 nét)", "PenStrokes": "丨フ一丨フ一一", "Shape": "⿱口月", "Unicode": "U+8099"}], ["肤", "phu", "", "", ["[phu] da ngoài", "[phu] ở ngoài vào", "[phu] to lớn", "[phu] thịt lợn"], {"Strokes": "8", "Radical": "nhục 肉 (+4 nét)", "PenStrokes": "ノフ一一一一ノ丶", "Shape": "⿰月夫", "Unicode": "U+80A4"}], ["胊", "cù", "", "", [], {"Strokes": "9", "Radical": "nhục 肉 (+5 nét)", "PenStrokes": "ノフ丶一ノフ丨フ一", "Shape": "⿰月句", "Unicode": "U+80CA"}], ["胦", "ương", "", "", ["[ương] rốn, rún"], {"Strokes": "9", "Radical": "nhục 肉 (+5 nét)", "PenStrokes": "ノフ一一丨フ一ノ丶", "Shape": "⿰月央", "Unicode": "U+80E6"}], ["脍", "khoái quái", "", "", ["[khoái] gỏi cá"], {"Strokes": "10", "Radical": "nhục 肉 (+6 nét)", "PenStrokes": "ノフ一一ノ丶一一フ丶", "Shape": "⿰月会", "Unicode": "U+810D"}], ["臁", "liêm", "", "", ["[liêm] ống chân"], {"Strokes": "17", "Radical": "nhục 肉 (+13 nét)", "PenStrokes": "ノフ一一丶一ノ丶ノ一フ一一丨丨ノ丶", "Shape": "⿰月廉", "Unicode": "U+81C1"}], ["舄", "tích", "", "", ["[tích] giày 2 lần đế"], {"Strokes": "12", "Radical": "cữu 臼 (+6 nét)", "PenStrokes": "ノ丨一フ一一ノフ丶丶丶丶", "Unicode": "U+8204"}], ["艗", "dật ích", "", "", ["[dật] cái thuyền"], {"Strokes": "16", "Radical": "chu 舟 (+10 nét)", "PenStrokes": "ノノフ丶一丶丶ノ一ノ丶丨フ丨丨一", "Shape": "⿰舟益", "Unicode": "U+8257"}], ["艹", "thảo", "", "", ["[thảo] bộ thảo"], {"Strokes": "3", "Radical": "thảo 艸 (+0 nét)", "PenStrokes": "一丨丨", "Unicode": "U+8279"}], ["荣", "vinh", "", "", ["[vinh] vinh, vinh dự, vinh hoa"], {"Strokes": "9", "Radical": "thảo 艸 (+6 nét)", "PenStrokes": "一丨丨丶フ一丨ノ丶", "Shape": "⿳艹冖木", "Unicode": "U+8363"}], ["菡", "hàm hạm", "", "", ["[hàm] (xem: hàm tử 菡子)", "[hạm] (xem: hạm đạm 菡萏)"], {"Strokes": "11", "Radical": "thảo 艸 (+8 nét)", "PenStrokes": "一丨丨フ丨丶一ノ丶フ丨", "Shape": "⿱艹函", "Unicode": "U+83E1"}], ["蔛", "", "", "", [], {"Strokes": "14", "Radical": "thảo 艸 (+11 nét)", "PenStrokes": "一丨丨ノフノフ一一丨丶丶一丨", "Shape": "⿱艹斛", "Unicode": "U+851B"}], ["蔾", "lê", "", "", ["[lê] (xem: tật lê 蒺藜,蒺蔾)"], {"Strokes": "15", "Radical": "thảo 艸 (+12 nét)", "PenStrokes": "一丨丨ノ一丨ノ丶ノフノ一丨ノ丶", "Shape": "⿳艹𥝢木", "Unicode": "U+853E"}], ["薰", "huân", "", "", ["[huân] cỏ thơm", "[huân] đầm ấm, vui hoà", "[huân] hơi thơm"], {"Strokes": "17", "Radical": "thảo 艸 (+14 nét)", "PenStrokes": "一丨丨ノ一丨フ丶ノ一丨一一丶丶丶丶", "Shape": "⿱艹熏", "Unicode": "U+85B0"}], ["藙", "", "", "", [], {"Strokes": "18", "Radical": "thảo 艸 (+15 nét)", "PenStrokes": "一丨丨丶一丶ノ一ノフノノノ丶ノフフ丶", "Shape": "⿱艹毅", "Unicode": "U+85D9"}], ["蘤", "hoa vị", "", "", ["[hoa] bông hoa"], {"Strokes": "20", "Radical": "thảo 艸 (+17 nét)", "PenStrokes": "一丨丨ノ丨フ一一ノ丶丶ノノフフフ丶丶丶丶", "Shape": "⿱艹𤾡", "Unicode": "U+8624"}], ["虛", "hư khư", "", "", ["[hư] không có thực", "[hư] trống rỗng"], {"Strokes": "12", "Radical": "hô 虍 (+6 nét)", "PenStrokes": "丨一フノ一フ丨丨フ丨一一", "Shape": "⿸虍⿱丱㇐", "Unicode": "U+865B"}], ["蚝", "hào thứ", "", "", ["[hào] con sò, con hàu"], {"Strokes": "10", "Radical": "trùng 虫 (+4 nét)", "PenStrokes": "丨フ一丨一丶ノ一一フ", "Shape": "⿰虫毛", "Unicode": "U+869D"}], ["蝼", "lâu", "", "", ["[lâu] (xem: lâu cô 螻蛄,蝼蛄)", "[lâu] (xem: lâu quắc 螻蟈,蝼蝈)"], {"Strokes": "15", "Radical": "trùng 虫 (+9 nét)", "PenStrokes": "丨フ一丨一丶丶ノ一丨ノ丶フノ一", "Shape": "⿰虫娄", "Unicode": "U+877C"}], ["蟥", "hoàng", "", "", ["[hoàng] con đỉa cộ"], {"Strokes": "17", "Radical": "trùng 虫 (+11 nét)", "PenStrokes": "丨フ一丨一丶一丨丨一丨フ一丨一ノ丶", "Shape": "⿰虫黄", "Unicode": "U+87E5"}], ["蟬", "thiền thuyền", "", "", ["[thiền] con ve sầu"], {"Strokes": "18", "Radical": "trùng 虫 (+12 nét)", "PenStrokes": "丨フ一丨一丶丨フ一丨フ一丨フ一一丨一", "Shape": "⿰虫單", "Unicode": "U+87EC"}], ["覀", "á tây tê", "", "", [], {"Strokes": "6", "Radical": "á 襾 (+0 nét)", "PenStrokes": "一丨フ丨丨一", "Unicode": "U+8980"}], ["訡", "ngâm", "", "", [], {"Strokes": "11", "Radical": "ngôn 言 (+4 nét)", "PenStrokes": "丶一一一丨フ一ノ丶丶フ", "Shape": "⿰言今", "Unicode": "U+8A21"}], ["諐", "khiên", "", "", ["[khiên] tội lỗi, sai lầm"], {"Strokes": "15", "Radical": "ngôn 言 (+8 nét)", "PenStrokes": "ノ丨丨フ一ノ丨フ丶一一一丨フ一", "Shape": "⿱侃言", "Unicode": "U+8AD0"}], ["賴", "lại", "", "", ["[lại] nhờ cậy", "[lại] ích lợi"], {"Strokes": "16", "Radical": "bối 貝 (+9 nét)", "PenStrokes": "一丨フ一丨ノ丶ノフ丨フ一一一ノ丶", "Unicode": "U+8CF4"}], ["踌", "trù", "", "", ["[trù] (xem: trì trù 踟躊)"], {"Strokes": "14", "Radical": "túc 足 (+7 nét)", "PenStrokes": "丨フ一丨一丨一一一一ノ一丨丶", "Shape": "⿰⻊寿", "Unicode": "U+8E0C"}], ["躶", "khoả loã", "", "", ["[khoả] lộ ra, hiện ra", "[khoả] trần truồng", "[loã] lộ ra, hiện ra", "[loã] trần truồng"], {"Strokes": "15", "Radical": "thân 身 (+8 nét)", "PenStrokes": "ノ丨フ一一一ノ丨フ一一一丨ノ丶", "Shape": "⿰身果", "Unicode": "U+8EB6"}], ["轊", "duệ vệ", "", "", ["[duệ] cái đầu trục xe"], {"Strokes": "18", "Radical": "xa 車 (+11 nét)", "PenStrokes": "一丨フ一一一丨一一一丨一一一丨フ一一", "Shape": "⿰車彗", "Unicode": "U+8F4A"}], ["郞", "lang", "", "", ["[lang] chàng trai", "[lang] một chức quan"], {"Strokes": "9", "Radical": "ấp 邑 (+7 nét)", "PenStrokes": "丶フ一一フノ丶フ丨", "Shape": "⿰良⻏", "Unicode": "U+90DE"}], ["鄕", "hương hướng", "", "", ["[hương] làng", "[hương] thôn quê, nông thôn", "[hương] quê hương"], {"Strokes": "12", "Radical": "ấp 邑 (+10 nét)", "PenStrokes": "フフノノ丨フ一一ノフフ丨", "Shape": "⿲乡皀⻏", "Unicode": "U+9115"}], ["酆", "phong", "", "", ["[phong] đất Phong (kinh đô của nhà Chu dưới thời Chu Văn Vương, nay thuộc tỉnh Quảng Tây của Trung Quốc)", "[phong] họ Phong"], {"Strokes": "20", "Radical": "ấp 邑 (+18 nét)", "PenStrokes": "一一一丨丨一一一丨フ丨一丨フ一丶ノ一フ丨", "Shape": "⿰豐⻏", "Unicode": "U+9146"}], ["釄", "mi my", "", "", ["[my] (xem: đồ my 酴釄,酴醾)"], {"Strokes": "26", "Radical": "dậu 酉 (+19 nét)", "PenStrokes": "一丨フノフ一一丶一ノ一丨ノ丶一丨ノ丶丨一一一丨一一一", "Shape": "⿰酉靡", "Unicode": "U+91C4"}], ["錄", "lục", "", "", ["[lục] ghi chép"], {"Strokes": "16", "Radical": "kim 金 (+8 nét)", "PenStrokes": "ノ丶一一丨丶ノ一フ一一丨丶一ノ丶", "Shape": "⿰金彔", "Unicode": "U+9304"}], ["鍊", "luyện", "", "", ["[luyện] luyện, đúc (làm nóng chảy kim loại rồi để đông lại)"], {"Strokes": "17", "Radical": "kim 金 (+9 nét)", "PenStrokes": "ノ丶一一丨丶ノ一一丨フ丶ノ一丨ノ丶", "Shape": "⿰金柬", "Unicode": "U+934A"}], ["鍫", "thiêu", "", "", ["[thiêu] cái xẻng", "[thiêu] đào"], {"Strokes": "17", "Radical": "kim 金 (+9 nét)", "PenStrokes": "ノ一丨ノ丶丶ノノ丶ノ丶一一丨丶ノ一", "Shape": "⿱秋金", "Unicode": "U+936B"}], ["鏵", "hoa", "", "", ["[hoa] lưỡi cày"], {"Strokes": "18", "Radical": "kim 金 (+10 nét)", "PenStrokes": "ノ丶一一丨丶ノ一一丨丨一一丨丨一一丨", "Shape": "⿰金華", "Unicode": "U+93F5"}], ["閆", "diêm", "", "", ["[diêm] âm phủ, địa ngục"], {"Strokes": "11", "Radical": "môn 門 (+3 nét)", "PenStrokes": "丨フ一一丨フ一一一一一", "Shape": "⿵門三", "Unicode": "U+9586"}], ["阴", "âm ấm", "", "", ["[âm] bóng mát", "[âm] mặt trái, mặt sau", "[âm] số âm", "[âm] ngầm, bí mật"], {"Strokes": "6", "Radical": "phụ 阜 (+4 nét)", "PenStrokes": "フ丨ノフ一一", "Shape": "⿰⻖月", "Unicode": "U+9634"}], ["隽", "tuyến tuyển tuấn", "", "", ["[tuyển] thịt béo mập"], {"Strokes": "10", "Radical": "chuy 隹 (+2 nét)", "PenStrokes": "ノ丨丶一一一丨一フノ", "Shape": "⿱隹乃", "Unicode": "U+96BD"}], ["霶", "bàng", "", "", ["[bàng] (xem: bàng bái 霶霈)"], {"Strokes": "21", "Radical": "vũ 雨 (+13 nét)", "PenStrokes": "一丶フ丨丶丶丶丶丶丶一丶一丶ノ丶フ丶一フノ", "Shape": "⿱雨滂", "Unicode": "U+9736"}], ["頄", "cừu", "", "", [], {"Strokes": "11", "Radical": "hiệt 頁 (+2 nét)", "PenStrokes": "ノフ一ノ丨フ一一一ノ丶", "Shape": "⿰九頁", "Unicode": "U+9804"}], ["颼", "sâu sưu", "", "", ["[sâu] tiếng gió vù vù", "[sưu] tiếng gió vù vù"], {"Strokes": "18", "Radical": "phong 風 (+9 nét)", "PenStrokes": "ノフノ丨フ一丨一丶ノ丨一フ一一丨フ丶", "Shape": "⿺風叟", "Unicode": "U+98BC"}], ["飇", "tiêu", "", "", [], {"Strokes": "21", "Radical": "phong 風 (+12 nét)", "PenStrokes": "ノフノ丨フ一丨一丶一ノ丶丶一ノ丶丶一ノ丶丶", "Shape": "⿺風猋", "Unicode": "U+98C7"}], ["飠", "thực", "", "", ["[thực] ăn", "[thực] đồ ăn", "[thực] lộc"], {"Strokes": "8", "Radical": "thực 食 (+0 nét)", "PenStrokes": "ノ丶丶フ一一フ丶", "Unicode": "U+98E0"}], ["飱", "san sôn tôn", "", "", ["[san] ăn chín", "[sôn] ăn chín"], {"Strokes": "12", "Radical": "ngạt 歹 (+9 nét), thực 食 (+4 nét)", "PenStrokes": "一ノフ丶ノ丶丶フ一一フ丶", "Shape": "⿰歹食", "Unicode": "U+98F1"}], ["驒", "đàn", "", "", [], {"Strokes": "22", "Radical": "mã 馬 (+12 nét)", "PenStrokes": "一丨一一丨フ丶丶丶丶丨フ一丨フ一丨フ一一一丨", "Shape": "⿰馬單", "Unicode": "U+9A52"}], ["驘", "la loa", "", "", ["[la] con la"], {"Strokes": "23", "Radical": "mã 馬 (+13 nét)", "PenStrokes": "丶一フ丨フ一ノフ一一一丨一一丨フ丶丶丶丶ノフ丶", "Shape": "⿵𣎆馬", "Unicode": "U+9A58"}], ["骷", "khô", "", "", ["[khô] (xem: khô lâu 骷髏,骷髅)"], {"Strokes": "14", "Radical": "cốt 骨 (+5 nét)", "PenStrokes": "丨フフ丶フ丨フ一一一丨丨フ一", "Shape": "⿰骨古", "Unicode": "U+9AB7"}], ["魲", "lô lư", "", "", [], {"Strokes": "15", "Radical": "ngư 魚 (+4 nét)", "PenStrokes": "ノフ丨フ一丨一丶丶丶丶丶フ一ノ", "Shape": "⿰魚户", "Unicode": "U+9B72"}], ["鱭", "tễ", "", "", ["[tễ] con cá đao"], {"Strokes": "25", "Radical": "ngư 魚 (+14 nét)", "PenStrokes": "ノフ丨フ一丨一丶丶丶丶丶一丶ノ丨フノノフ丶ノ丨一一", "Shape": "⿰魚齊", "Unicode": "U+9C6D"}], ["鱺", "li ly lễ", "", "", ["[ly] (xem: man ly 鰻鱺,鳗鲡)"], {"Strokes": "30", "Radical": "ngư 魚 (+19 nét)", "PenStrokes": "ノフ丨フ一丨一丶丶丶丶一丨フ丶一丨フ丶丶一ノフ丨丨一一フノフ", "Shape": "⿰魚麗", "Unicode": "U+9C7A"}], ["鵒", "dục", "", "", ["[dục] (xem: cù dục 鴝鵒,鸜鵒,鸲鹆)"], {"Strokes": "18", "Radical": "điểu 鳥 (+7 nét)", "PenStrokes": "ノ丶ノ丶丨フ一ノ丨フ一一一フ丶丶丶丶", "Shape": "⿰谷鳥", "Unicode": "U+9D52"}], ["鶽", "chuẩn", "", "", [], {"Strokes": "21", "Radical": "điểu 鳥 (+10 nét)", "PenStrokes": "ノ丨丶一一一丨一一丨ノ丨フ一一一フ丶丶丶丶", "Shape": "⿰隼鳥", "Unicode": "U+9DBD"}], ["鷀", "tư từ", "", "", ["[tư] (xem: lô tư 鸕鷀,鸕鷥,鸬鷀,鸬鸶)"], {"Strokes": "20", "Radical": "điểu 鳥 (+9 nét)", "PenStrokes": "丶ノ一フフ丶フフ丶ノ丨フ一一一フ丶丶丶丶", "Shape": "⿰兹鳥", "Unicode": "U+9DC0"}], ["麽", "ma yêu", "", "", ["[ma] bé nhỏ", "[ma] vậy (trợ ngữ)"], {"Strokes": "14", "Radical": "ma 麻 (+3 nét)", "PenStrokes": "丶一ノ一丨ノ丶一丨ノ丶ノフ丶", "Shape": "⿸麻么", "Unicode": "U+9EBD"}], ["黃", "hoàng huỳnh", "", "", ["[hoàng] vàng, màu vàng", "[huỳnh] vàng, màu vàng"], {"Strokes": "12", "Radical": "hoàng 黃 (+1 nét)", "PenStrokes": "一丨丨一一丨フ一丨一ノ丶", "Unicode": "U+9EC3"}], ["黑", "hắc", "", "", ["[hắc] đen, màu đen"], {"Strokes": "12", "Radical": "hắc 黑 (+0 nét)", "PenStrokes": "丨フ丶ノ一丨一一丶丶丶丶", "Unicode": "U+9ED1"}], ["欄", "lan", "", "", [], {"Strokes": "21", "Radical": "mộc 木 (+17 nét)", "Unicode": "U+F91D"}], ["廊", "lang", "", "", [], {"Strokes": "11", "Radical": "nghiễm 广 (+8 nét)", "Unicode": "U+F928"}], ["朗", "lãng", "", "", [], {"Strokes": "10", "Radical": "nguyệt 月 (+6 nét)", "Unicode": "U+F929"}], ["虜", "lỗ", "", "", [], {"Strokes": "13", "Radical": "hô 虍 (+7 nét)", "Unicode": "U+F936"}], ["殺", "ái sái sát tát", "", "", [], {"Strokes": "10", "Radical": "thù 殳 (+6 nét)", "Unicode": "U+F970"}], ["類", "loại", "", "", [], {"Strokes": "19", "Radical": "hiệt 頁 (+10 nét)", "Unicode": "U+F9D0"}], ["隆", "long", "", "", [], {"Strokes": "11", "Radical": "phụ 阜 (+9 nét)", "Unicode": "U+F9DC"}], ["塚", "trủng", "", "", [], {"Strokes": "13", "Radical": "thổ 土 (+10 nét)", "Unicode": "U+FA10"}], ["凞", "", "", "", [], {"Strokes": "18", "Radical": "hoả 火 (+14 nét)", "Shape": "⿱⿰冫巸灬", "Unicode": "U+FA15"}], ["猪", "trư", "", "", [], {"Strokes": "11", "Radical": "khuyển 犬 (+8 nét)", "PenStrokes": "ノフノ一丨一ノ丨フ一一", "Shape": "⿰犭者", "Unicode": "U+FA16"}], ["神", "thần", "", "", [], {"Strokes": "10", "Radical": "kỳ 示 (+5 nét)", "PenStrokes": "丶一丨ノ丶丨フ一一丨", "Shape": "⿰示申", "Unicode": "U+FA19"}], ["祥", "tường", "", "", [], {"Strokes": "10", "Radical": "kỳ 示 (+5 nét)", "Shape": "⿰示羊", "Unicode": "U+FA1A"}], ["福", "phúc", "", "", [], {"Strokes": "13", "Radical": "kỳ 示 (+8 nét)", "Shape": "⿰示畐", "Unicode": "U+FA1B"}], ["諸", "chư gia", "", "", [], {"Strokes": "15", "Radical": "ngôn 言 (+8 nét)", "PenStrokes": "丶一一一丨フ一一丨一ノ丨フ一一", "Shape": "⿰言者", "Unicode": "U+FA22"}]]